/*
Navicat MySQL Data Transfer

Source Server         : hntran
Source Server Version : 50558
Source Host           : 103.200.20.138:3306
Source Database       : guidetransfers_db

Target Server Type    : MYSQL
Target Server Version : 50558
File Encoding         : 65001

Date: 2018-04-03 14:39:57
*/

SET FOREIGN_KEY_CHECKS=0;
-- ----------------------------
-- Table structure for `admins`
-- ----------------------------
DROP TABLE IF EXISTS `admins`;
CREATE TABLE `admins` (
  `id` int(10) unsigned NOT NULL AUTO_INCREMENT,
  `name` varchar(255) COLLATE utf8_unicode_ci NOT NULL,
  `email` varchar(255) COLLATE utf8_unicode_ci NOT NULL,
  `job_title` varchar(255) COLLATE utf8_unicode_ci NOT NULL,
  `password` varchar(255) COLLATE utf8_unicode_ci NOT NULL,
  `remember_token` varchar(100) COLLATE utf8_unicode_ci DEFAULT NULL,
  `created_at` timestamp NULL DEFAULT NULL,
  `updated_at` timestamp NULL DEFAULT NULL,
  `google2fa_secret` varchar(255) COLLATE utf8_unicode_ci DEFAULT NULL,
  `phone` varchar(255) COLLATE utf8_unicode_ci DEFAULT NULL,
  `image` varchar(255) COLLATE utf8_unicode_ci DEFAULT NULL,
  `status` int(11) DEFAULT NULL,
  `delete` tinyint(1) NOT NULL DEFAULT '0',
  PRIMARY KEY (`id`),
  UNIQUE KEY `admins_email_unique` (`email`)
) ENGINE=InnoDB AUTO_INCREMENT=9 DEFAULT CHARSET=utf8 COLLATE=utf8_unicode_ci;

-- ----------------------------
-- Records of admins
-- ----------------------------
INSERT INTO admins VALUES ('1', 'vVfMu z0XQ8', 'tenhayko@gmail.com', '', '$2y$10$zwGcNjQwTAtOtgT6NTE0puekKlKBdxVfM8xCRNgDL4uWXySU/ZQJe', '5ywgQDUpt3X8AgANYSYdjMp8XqsqhbVjC5AyUZXRgt9Qfe0mEVZSGFUFFMa3', null, null, null, null, null, null, '0');
INSERT INTO admins VALUES ('8', 'Quân Blue', 'quan.blue@guidetransfers.com', 'Founder', '$2y$10$NHdu0C9JVTOLyJEIFPZAJe5EmnFqKbxw43eRtyrAp.BNam6ztZDLa', null, '2018-02-22 11:55:40', '2018-02-22 11:55:40', null, '0983603108', null, '1', '0');

-- ----------------------------
-- Table structure for `airlines`
-- ----------------------------
DROP TABLE IF EXISTS `airlines`;
CREATE TABLE `airlines` (
  `id` int(10) unsigned NOT NULL AUTO_INCREMENT,
  `code` varchar(255) COLLATE utf8_unicode_ci NOT NULL,
  `name` varchar(255) COLLATE utf8_unicode_ci NOT NULL,
  `delete` int(10) unsigned NOT NULL,
  `created_at` timestamp NULL DEFAULT NULL,
  `updated_at` timestamp NULL DEFAULT NULL,
  PRIMARY KEY (`id`),
  UNIQUE KEY `airlines_code_unique` (`code`)
) ENGINE=InnoDB AUTO_INCREMENT=5 DEFAULT CHARSET=utf8 COLLATE=utf8_unicode_ci;

-- ----------------------------
-- Records of airlines
-- ----------------------------
INSERT INTO airlines VALUES ('1', 'vietnam', 'Vietnam Airlines', '0', '2018-01-31 14:00:51', '2018-02-27 16:50:59');
INSERT INTO airlines VALUES ('2', 'VietJet1', 'VietJet Air', '0', '2018-02-03 11:01:08', '2018-02-03 11:02:11');
INSERT INTO airlines VALUES ('3', 'VietJet', 'VietJet Air1', '1', '2018-02-03 11:02:33', '2018-02-03 11:03:46');
INSERT INTO airlines VALUES ('4', 'VN', 'Vietnam Airlines11', '1', '2018-03-01 15:24:35', '2018-03-01 15:24:53');

-- ----------------------------
-- Table structure for `books`
-- ----------------------------
DROP TABLE IF EXISTS `books`;
CREATE TABLE `books` (
  `id` int(10) unsigned NOT NULL AUTO_INCREMENT,
  `code` varchar(255) COLLATE utf8_unicode_ci DEFAULT NULL,
  `customer_name` varchar(255) COLLATE utf8_unicode_ci NOT NULL,
  `customer_phone` varchar(255) COLLATE utf8_unicode_ci DEFAULT NULL,
  `round_trip` int(11) NOT NULL,
  `amount` double NOT NULL,
  `time_to_airport` time DEFAULT NULL,
  `date_to_airport` date DEFAULT NULL,
  `origin_to_airport` varchar(255) COLLATE utf8_unicode_ci DEFAULT NULL,
  `destination_to_airport` varchar(255) COLLATE utf8_unicode_ci DEFAULT NULL,
  `time_from_airport` time DEFAULT NULL,
  `date_from_airport` date DEFAULT NULL,
  `origin_from_airport` varchar(255) COLLATE utf8_unicode_ci DEFAULT NULL,
  `destination_from_airport` varchar(255) COLLATE utf8_unicode_ci DEFAULT NULL,
  `contact_type` varchar(255) COLLATE utf8_unicode_ci DEFAULT NULL,
  `contact` varchar(255) COLLATE utf8_unicode_ci DEFAULT NULL,
  `note` varchar(255) COLLATE utf8_unicode_ci DEFAULT NULL,
  `name_table` varchar(255) COLLATE utf8_unicode_ci DEFAULT NULL,
  `payment_method` tinyint(1) NOT NULL DEFAULT '0',
  `payment_status` tinyint(1) NOT NULL DEFAULT '0',
  `status` int(11) NOT NULL DEFAULT '1',
  `order_id` varchar(255) COLLATE utf8_unicode_ci DEFAULT NULL,
  `order_type` varchar(255) COLLATE utf8_unicode_ci DEFAULT NULL,
  `response_time` varchar(255) COLLATE utf8_unicode_ci DEFAULT NULL,
  `trans_ref` varchar(255) COLLATE utf8_unicode_ci DEFAULT NULL,
  `response_code` varchar(255) COLLATE utf8_unicode_ci DEFAULT NULL,
  `car_id` int(10) unsigned DEFAULT NULL,
  `customer_code` varchar(255) COLLATE utf8_unicode_ci DEFAULT NULL,
  `airline_id` int(10) unsigned DEFAULT NULL,
  `created_at` timestamp NULL DEFAULT NULL,
  `updated_at` timestamp NULL DEFAULT NULL,
  `read` tinyint(4) DEFAULT '0',
  `flightCode` varchar(255) COLLATE utf8_unicode_ci DEFAULT NULL,
  PRIMARY KEY (`id`),
  UNIQUE KEY `books_code_unique` (`code`),
  KEY `books_car_id_foreign` (`car_id`),
  KEY `books_customer_code_foreign` (`customer_code`),
  KEY `books_airline_id_foreign` (`airline_id`),
  CONSTRAINT `books_airline_id_foreign` FOREIGN KEY (`airline_id`) REFERENCES `airlines` (`id`) ON DELETE SET NULL ON UPDATE CASCADE,
  CONSTRAINT `books_car_id_foreign` FOREIGN KEY (`car_id`) REFERENCES `cars` (`id`) ON DELETE SET NULL ON UPDATE CASCADE,
  CONSTRAINT `books_customer_code_foreign` FOREIGN KEY (`customer_code`) REFERENCES `customers` (`code`) ON DELETE SET NULL ON UPDATE CASCADE
) ENGINE=InnoDB AUTO_INCREMENT=276 DEFAULT CHARSET=utf8 COLLATE=utf8_unicode_ci;

-- ----------------------------
-- Records of books
-- ----------------------------
INSERT INTO books VALUES ('1', 'HT000001', 'HenryHẻny Jack', '0968125894', '1', '19', '11:40:00', '2018-02-03', '1', 'An Giang, Việt Nam', null, null, null, null, 'facebook', 'link facebook', null, 'Micken', '1', '0', '1', null, null, null, null, null, '2', 'KH621297', '1', '2018-02-02 11:49:23', '2018-02-02 11:49:23', '0', null);
INSERT INTO books VALUES ('2', 'HT000002', 'HenryHẻny Jack', '0968125894', '1', '19', '11:40:00', '2018-02-03', '1', 'An Giang, Việt Nam', null, null, null, null, 'facebook', 'link facebook', null, 'Micken', '1', '0', '1', null, null, null, null, null, '2', 'KH621297', '1', '2018-02-02 12:01:21', '2018-02-02 12:01:21', '0', null);
INSERT INTO books VALUES ('3', 'HT000003', 'henry hacj', '0968125894', '1', '19', '12:00:00', '2018-02-02', '1', 'Hotel Nikko Saigon, Nguyễn Văn Cừ, Nguyễn Cư Trinh, Hồ Chí Minh, Việt Nam', null, null, null, null, 'facebook', 'link facebook', null, 'Micken', '1', '0', '1', null, null, null, null, null, '2', 'KH408804', '1', '2018-02-02 12:05:19', '2018-02-02 12:05:19', '0', null);
INSERT INTO books VALUES ('4', 'HT000004', 'dasd asda', null, '1', '19', '12:05:00', '2018-02-02', '1', 'Hotel Nikko Saigon, Nguyễn Văn Cừ, Nguyễn Cư Trinh, Hồ Chí Minh, Việt Nam', null, null, null, null, 'facebook', 'dasd', null, 'dasd', '1', '0', '1', null, null, null, null, null, '2', 'KH823308', '1', '2018-02-02 12:06:41', '2018-02-02 12:06:41', '0', null);
INSERT INTO books VALUES ('5', 'HT000005', 'henry jack', '0968125894', '1', '440000', '14:20:00', '2018-02-02', '1', 'a', null, null, null, null, 'facebook', 'link facebook', null, 'micken', '1', '0', '1', null, null, null, null, null, '2', 'KH868706', '1', '2018-02-02 14:27:42', '2018-02-02 14:27:42', '0', null);
INSERT INTO books VALUES ('6', 'HT000006', 'henry nguyen', null, '2', '960000', '14:25:00', '2018-02-02', '1', 'Hotel Nikko Saigon, Nguyễn Văn Cừ, Nguyễn Cư Trinh, Hồ Chí Minh, Việt Nam', '14:25:00', '2018-02-02', 'Hotel Nikko Saigon, Nguyễn Văn Cừ, Nguyễn Cư Trinh, Hồ Chí Minh, Việt Nam', '1', 'facebook', 'link facebook', null, 'mickebn', '1', '0', '1', null, null, null, null, null, '3', 'KH970475', '1', '2018-02-02 14:33:19', '2018-02-02 14:33:19', '0', null);
INSERT INTO books VALUES ('7', 'HT000007', 'henry hacj', '0968125894', '1', '440000', '14:30:00', '2018-02-02', '1', 'a', null, null, null, null, 'facebook', 'link facebook', 'note', 'micken', '1', '0', '1', null, null, null, null, null, '2', 'KH344138', '1', '2018-02-02 14:35:25', '2018-02-02 14:35:25', '0', null);
INSERT INTO books VALUES ('8', 'HT000008', 'henry jack', null, '1', '440000', '14:35:00', '2018-02-02', '1', 'a', null, null, null, null, 'facebook', 'link facebook', 'note', 'micken', '3', '0', '1', null, null, null, null, null, '2', 'KH344138', '1', '2018-02-02 14:56:37', '2018-02-02 14:56:37', '0', null);
INSERT INTO books VALUES ('9', 'HT000009', 'henry jack', null, '1', '440000', '14:35:00', '2018-02-02', '1', 'a', null, null, null, null, 'facebook', 'link facebook', 'note', 'micken', '2', '0', '1', null, null, null, null, null, '2', 'KH344138', '1', '2018-02-02 14:58:31', '2018-02-02 14:58:31', '0', null);
INSERT INTO books VALUES ('10', 'HT000010', 'henry jack', null, '1', '440000', '14:35:00', '2018-02-02', '1', 'a', null, null, null, null, 'facebook', 'link facebook', 'note', 'micken', '2', '0', '1', null, null, null, null, null, '2', 'KH344138', '1', '2018-02-02 14:59:55', '2018-02-02 14:59:55', '0', null);
INSERT INTO books VALUES ('11', 'HT000011', 'henry jack', null, '1', '440000', '14:35:00', '2018-02-02', '1', 'a', null, null, null, null, 'facebook', 'link facebook', 'note', 'micken', '3', '0', '2', null, null, null, null, null, '2', 'KH344138', '1', '2018-02-02 15:02:56', '2018-02-03 10:36:51', '0', null);
INSERT INTO books VALUES ('12', 'HT000012', 'henry jack', null, '1', '440000', '15:05:00', '2018-02-02', '1', 'Hồ Chí Minh, Việt Nam', null, null, null, null, 'facebook', 'link facebook', 'note', 'micken', '3', '0', '0', null, null, null, null, null, '2', 'KH344138', '1', '2018-02-02 15:06:29', '2018-02-02 15:06:29', '0', null);
INSERT INTO books VALUES ('13', 'HT000013', 'henry jack', null, '1', '440000', '15:05:00', '2018-02-02', '1', 'Hồ Chí Minh, Việt Nam', null, null, null, null, 'facebook', 'link facebook', 'note', 'micken', '3', '0', '0', null, null, null, null, null, '2', 'KH344138', '1', '2018-02-02 15:08:16', '2018-02-02 15:08:16', '0', null);
INSERT INTO books VALUES ('14', 'HT000014', 'henry jack', null, '1', '440000', '15:05:00', '2018-02-02', '1', 'Hồ Chí Minh, Việt Nam', null, null, null, null, 'facebook', 'link facebook', 'note', 'micken', '3', '0', '0', null, null, null, null, null, '2', 'KH344138', '1', '2018-02-02 15:14:28', '2018-02-02 15:14:28', '0', null);
INSERT INTO books VALUES ('15', 'HT000015', 'henry jack', null, '1', '440000', '15:05:00', '2018-02-02', '1', 'Hồ Chí Minh, Việt Nam', null, null, null, null, 'facebook', 'link facebook', 'note', 'micken', '2', '0', '0', null, null, null, null, null, '2', 'KH344138', '1', '2018-02-02 15:15:13', '2018-02-02 15:15:13', '0', null);
INSERT INTO books VALUES ('16', 'HT000016', 'henry jack', null, '1', '440000', '15:05:00', '2018-02-02', '1', 'Hồ Chí Minh, Việt Nam', null, null, null, null, 'facebook', 'link facebook', 'note', 'micken', '3', '0', '0', null, null, null, null, null, '2', 'KH344138', '1', '2018-02-02 15:17:06', '2018-02-02 15:17:06', '0', null);
INSERT INTO books VALUES ('17', 'HT000017', 'henry jack', null, '1', '440000', '15:05:00', '2018-02-02', '1', 'Hồ Chí Minh, Việt Nam', null, null, null, null, 'facebook', 'link facebook', 'note', 'micken', '2', '1', '1', 'HT000017', 'ND', '2018-02-02T15:19:02Z', 'ff3588afebac4e8a877917010ecb4245', '00', '2', 'KH344138', '1', '2018-02-02 15:17:40', '2018-02-02 15:27:07', '0', null);
INSERT INTO books VALUES ('18', 'HT000018', 'henry jack', null, '1', '440000', '15:05:00', '2018-02-02', '1', 'Hồ Chí Minh, Việt Nam', null, null, null, null, 'facebook', 'link facebook', 'note', 'micken', '3', '0', '0', null, null, null, null, null, '2', 'KH344138', '1', '2018-02-02 15:31:08', '2018-02-02 15:31:08', '0', null);
INSERT INTO books VALUES ('19', 'HT000019', 'henry jack', null, '1', '440000', '15:05:00', '2018-02-02', '1', 'Hồ Chí Minh, Việt Nam', null, null, null, null, 'facebook', 'link facebook', 'note', 'micken', '2', '1', '2', 'HT000019', 'ND', '2018-02-02T15:32:29Z', '253b846254e94d9f8f6a70d17b49eb04', '00', '2', 'KH344138', '1', '2018-02-02 15:31:37', '2018-02-03 10:57:19', '0', null);
INSERT INTO books VALUES ('20', 'HT000020', 'a b', '012', '1', '500000', '16:00:00', '2018-02-02', '1', 'Khách sạn Hà Nội Daewoo, Kim Mã, Hà Nội, Việt Nam', null, null, null, null, 'phone', '0123456788', null, 'add', '1', '0', '1', null, null, null, null, null, '3', 'KH122925', '1', '2018-02-02 16:06:19', '2018-02-02 16:06:19', '0', null);
INSERT INTO books VALUES ('21', 'HT000021', 'Mai1 Chu1', '0123', '2', '830000', '16:20:00', '2018-02-02', '1', 'Khách sạn Hà Nội Daewoo, Kim Mã, Hà Nội, Việt Nam', '16:20:00', '2018-02-15', 'Khách sạn Bảo Sơn, Nguyễn Chí Thanh, Láng Thượng, Hà Nội, Việt Nam', '1', 'phone', '12345', 'note', 'aaa', '1', '0', '0', null, null, null, null, null, '2', 'KH311276', '1', '2018-02-02 16:25:11', '2018-03-01 11:22:03', '1', null);
INSERT INTO books VALUES ('22', 'HT000022', 'first last', '1', '2', '830000', '17:00:00', '2018-02-02', '1', 'Kha Vạn Cân, Hồ Chí Minh, Việt Nam', '17:00:00', '2018-02-02', 'Kha Vạn Cân, Hồ Chí Minh, Việt Nam', '1', 'facebook', 'a', null, 'a', '1', '0', '0', null, null, null, null, null, '2', 'KH776132', '1', '2018-02-02 17:02:50', '2018-03-01 11:22:06', '1', null);
INSERT INTO books VALUES ('23', 'HT000023', '1 1', '1', '0', '390000', null, null, null, null, '17:00:00', '2018-02-28', 'Hotel Nikko Saigon, Phường Nguyễn Cư Trinh, Hồ Chí Minh, Việt Nam', '1', 'facebook', 'a', null, 'a', '1', '0', '0', null, null, null, null, null, '2', 'KH311276', '1', '2018-02-02 17:08:55', '2018-03-01 11:22:08', '1', null);
INSERT INTO books VALUES ('24', 'HT000024', 'a b', '+84 12345678', '1', '440000', '09:35:00', '2018-02-03', '1', 'Meliá Hanoi, Trần Hưng Đạo, Hà Nội, Việt Nam', null, null, null, null, 'phone', 'fb.com/abc', null, 'elen', '3', '0', '0', null, null, null, null, null, '2', 'KH205960', '1', '2018-02-03 09:41:59', '2018-03-01 11:22:14', '1', null);
INSERT INTO books VALUES ('25', 'HT000025', 'F L', null, '2', '830000', '10:20:00', '2018-02-03', '1', 'Kinh Dương Vương, Hồ Chí Minh, Việt Nam', '10:20:00', '2018-02-03', 'Kiên Giang, Việt Nam', '2', 'facebook', 'facebook.com', null, 'abcd', '2', '0', '0', null, null, null, null, null, '2', 'KH311276', '1', '2018-02-03 10:33:10', '2018-02-03 10:33:10', '0', null);
INSERT INTO books VALUES ('26', 'HT000026', 'F L', null, '1', '440000', '10:30:00', '2018-02-03', '2', 'Kha Vạn Cân, Hồ Chí Minh, Việt Nam', null, null, null, null, 'facebook', 'facebook.com', null, 'abcd', '3', '0', '0', null, null, null, null, null, '2', 'KH311276', '1', '2018-02-03 10:34:21', '2018-02-03 10:34:22', '0', null);
INSERT INTO books VALUES ('27', 'HT000027', 'F L', null, '1', '440000', '10:30:00', '2018-02-03', '2', 'Kha Vạn Cân, Hồ Chí Minh, Việt Nam', null, null, null, null, 'facebook', 'facebook.com', null, 'abcd', '3', '0', '0', null, null, null, null, null, '2', 'KH311276', '1', '2018-02-03 10:34:52', '2018-02-03 10:34:52', '0', null);
INSERT INTO books VALUES ('28', 'HT000028', 'F L', null, '1', '440000', '10:30:00', '2018-02-03', '2', 'Kha Vạn Cân, Hồ Chí Minh, Việt Nam', null, null, null, null, 'facebook', 'facebook.com', null, 'abcd', '2', '0', '0', null, null, null, null, null, '2', 'KH311276', '1', '2018-02-03 10:35:42', '2018-02-03 10:35:42', '0', null);
INSERT INTO books VALUES ('29', 'HT000029', 'F L', null, '1', '440000', '10:30:00', '2018-02-03', '2', 'Kha Vạn Cân, Hồ Chí Minh, Việt Nam', null, null, null, null, 'facebook', 'facebook.com', null, 'abcd', '2', '0', '0', null, null, null, null, null, '2', 'KH311276', '1', '2018-02-03 10:36:18', '2018-02-03 10:36:18', '0', null);
INSERT INTO books VALUES ('30', 'HT000030', 'F L', null, '1', '440000', '11:25:00', '2018-02-03', '1', 'Khánh Bình, Thị xã Tân Uyên, Bình Dương, Việt Nam', null, null, null, null, 'facebook', 'facebook.com', null, 'abcd', '2', '0', '0', null, null, null, null, null, '2', 'KH311276', '2', '2018-02-03 11:25:44', '2018-02-03 11:25:44', '0', null);
INSERT INTO books VALUES ('31', 'HT000031', 'F L', null, '1', '440000', '11:25:00', '2018-02-03', '1', 'Khánh Bình, Thị xã Tân Uyên, Bình Dương, Việt Nam', null, null, null, null, 'facebook', 'facebook.com', null, 'abcd', '2', '0', '0', null, null, null, null, null, '2', 'KH311276', '2', '2018-02-03 11:26:26', '2018-02-03 11:26:26', '0', null);
INSERT INTO books VALUES ('32', 'HT000032', 'F L', null, '1', '440000', '11:25:00', '2018-02-03', '1', 'Khánh Bình, Thị xã Tân Uyên, Bình Dương, Việt Nam', null, null, null, null, 'facebook', 'facebook.com', null, 'abcd', '3', '0', '0', null, null, null, null, null, '2', 'KH311276', '2', '2018-02-03 11:26:35', '2018-02-03 11:26:35', '0', null);
INSERT INTO books VALUES ('33', 'HT000033', 'F L', null, '1', '440000', '11:25:00', '2018-02-03', '1', 'Khánh Bình, Thị xã Tân Uyên, Bình Dương, Việt Nam', null, null, null, null, 'facebook', 'facebook.com', null, 'abcd', '2', '0', '0', null, null, null, null, null, '2', 'KH311276', '2', '2018-02-03 11:26:46', '2018-02-03 11:26:46', '0', null);
INSERT INTO books VALUES ('34', 'HT000034', 'F L', null, '1', '4400001', '11:25:00', '2018-02-03', '1', 'Hà Nội, Việt Nam', null, null, null, null, 'facebook', 'facebook.com', null, 'abcd', '2', '0', '0', null, null, null, null, null, '2', 'KH311276', '2', '2018-02-03 11:31:02', '2018-02-03 11:31:02', '0', null);
INSERT INTO books VALUES ('35', 'HT000035', 'F L', null, '1', '4400001', '11:25:00', '2018-02-03', '1', 'Hà Nội, Việt Nam', null, null, null, null, 'facebook', 'facebook.com', null, 'abcd', '2', '0', '0', null, null, null, null, null, '2', 'KH311276', '2', '2018-02-03 11:31:14', '2018-02-03 11:31:14', '0', null);
INSERT INTO books VALUES ('36', 'HT000036', 'F L', null, '1', '4400001', '11:25:00', '2018-02-03', '1', 'Hà Nội, Việt Nam', null, null, null, null, 'facebook', 'facebook.com', null, 'abcd', '2', '0', '0', null, null, null, null, null, '2', 'KH311276', '2', '2018-02-03 11:31:43', '2018-02-03 11:31:43', '0', null);
INSERT INTO books VALUES ('37', 'HT000037', 'F L', null, '1', '4400001', '11:25:00', '2018-02-03', '1', 'Hà Nội, Việt Nam', null, null, null, null, 'facebook', 'facebook.com', null, 'abcd', '2', '0', '0', null, null, null, null, null, '2', 'KH311276', '2', '2018-02-03 11:31:59', '2018-02-03 11:32:00', '0', null);
INSERT INTO books VALUES ('38', 'HT000038', 'F L', null, '1', '440000', '11:30:00', '2018-02-03', '1', 'Kiên Giang, Việt Nam', null, null, null, null, 'facebook', 'facebook.com', null, 'abcd', '3', '0', '0', null, null, null, null, null, '2', 'KH311276', '2', '2018-02-03 11:34:19', '2018-02-03 11:34:19', '0', null);
INSERT INTO books VALUES ('39', 'HT000039', 'F L', null, '1', '440000', '11:30:00', '2018-02-03', '1', 'Kiên Giang, Việt Nam', null, null, null, null, 'facebook', 'facebook.com', null, 'abcd', '3', '0', '0', null, null, null, null, null, '2', 'KH311276', '2', '2018-02-03 11:36:28', '2018-02-03 11:36:28', '0', null);
INSERT INTO books VALUES ('40', 'HT000040', 'F L', null, '1', '440000', '11:30:00', '2018-02-03', '1', 'Kiên Giang, Việt Nam', null, null, null, null, 'facebook', 'facebook.com', null, 'abcd', '3', '0', '0', null, null, null, null, null, '2', 'KH311276', '2', '2018-02-03 11:37:41', '2018-02-03 11:37:41', '0', null);
INSERT INTO books VALUES ('41', 'HT000041', 'F L', null, '1', '440000', '11:30:00', '2018-02-03', '1', 'Kiên Giang, Việt Nam', null, null, null, null, 'facebook', 'facebook.com', null, 'abcd', '2', '1', '1', 'HT000041', 'ND', '2018-02-03T11:39:42Z', '0b27e361144546d89c4054bbe775a13d', '00', '2', 'KH311276', '2', '2018-02-03 11:38:21', '2018-02-03 11:39:42', '0', null);
INSERT INTO books VALUES ('42', 'HT000042', 'đá đá', '09681225894', '1', '440000', '10:40:00', '2018-02-03', '1', 'Hà Nội, Việt Nam', null, null, null, null, 'facebook', 'dđá', 'đá', 'dđá', '3', '1', '1', 'HT000042', 'QT', '2018-02-03T11:39:33Z', '5df4a98d7d51482ebc1c71ceb56bd7ae', '00', '2', 'KH218869', '1', '2018-02-03 11:38:55', '2018-02-03 11:39:33', '0', null);
INSERT INTO books VALUES ('43', 'HT000043', 'a a', null, '1', '440000', '11:35:00', '2018-02-03', '1', 'Kiên Giang, Việt Nam', null, null, null, null, 'facebook', 'facebook.com', null, 'A', '3', '1', '1', 'HT000043', 'QT', '2018-02-03T11:41:34Z', '6bcb1921834148e2a5c5bba82db667a7', '00', '2', 'KH311276', '1', '2018-02-03 11:40:39', '2018-02-22 10:25:28', '1', null);
INSERT INTO books VALUES ('44', 'HT000044', 'ABC Jenn', null, '1', '500000', '11:35:00', '2018-02-03', '1', 'Hong Ha Hotel, Trần Quang Khải, Hà Nội, Việt Nam', null, null, null, null, 'facebook', 'https://www.facebook.com/', null, 'ABC', '3', '0', '0', null, null, null, null, null, '3', 'KH344138', '1', '2018-02-03 11:41:21', '2018-02-12 16:42:42', '1', null);
INSERT INTO books VALUES ('45', 'HT000045', 'ABC Jenn', null, '1', '440000', '11:40:00', '2018-02-03', '1', 'Hà Nội, Việt Nam', null, null, null, null, 'facebook', 'https://www.facebook.com/', null, 'ABC', '3', '1', '1', 'HT000045', 'QT', '2018-02-03T11:45:15Z', '2cb40209d0fd4e10a7a3d434ee499856', '00', '2', 'KH344138', '1', '2018-02-03 11:43:42', '2018-02-12 16:42:41', '1', null);
INSERT INTO books VALUES ('46', 'HT000046', 'Mai Chu', null, '1', '440000', '11:40:00', '2018-02-03', '1', 'Khách sạn Hilton, Hà Nội, Việt Nam', null, null, null, null, 'phone', '0123456789', null, 'Mai', '3', '1', '1', 'HT000046', 'QT', '2018-02-03T11:45:14Z', '239ac81bc3d14c1a857e95ff4ae82c02', '00', '2', 'KH932522', '1', '2018-02-03 11:44:31', '2018-02-12 16:42:40', '1', null);
INSERT INTO books VALUES ('47', 'HT000047', 'Mai Ngọc', null, '1', '440000', '11:45:00', '2018-02-03', '1', 'Khách sạn Hà Nội Daewoo, Kim Mã, Hà Nội, Việt Nam', null, null, null, null, 'phone', '0987654321', null, 'Mai', '2', '0', '0', null, null, null, null, null, '2', 'KH932522', '2', '2018-02-03 11:49:20', '2018-02-12 16:42:31', '1', null);
INSERT INTO books VALUES ('48', 'HT000048', 'Mai Ngọc', null, '1', '440000', '11:45:00', '2018-02-03', '1', 'Khách sạn Hà Nội Daewoo, Kim Mã, Hà Nội, Việt Nam', null, null, null, null, 'facebook', '0987654321', null, 'Mai', '3', '0', '0', null, null, null, null, null, '2', 'KH932522', '2', '2018-02-03 11:49:42', '2018-02-12 16:42:33', '1', null);
INSERT INTO books VALUES ('49', 'HT000049', 'Mai Ngọc', null, '1', '440000', '11:45:00', '2018-02-03', '1', 'Khách sạn Hà Nội Daewoo, Kim Mã, Hà Nội, Việt Nam', null, null, null, null, 'facebook', '0987654321', null, 'Mai', '1', '0', '2', null, null, null, null, null, '2', 'KH932522', '2', '2018-02-03 11:50:11', '2018-02-12 16:42:34', '1', null);
INSERT INTO books VALUES ('50', 'HT000050', 'Cherry Nguyen', '+84 987805311', '0', '390000', null, null, null, null, '17:40:00', '2018-02-03', 'Church Boutique Hotel, Lãn Ông, Hàng Bồ, Hà Nội, Việt Nam', '1', 'phone', '+84987805311', 'Pick up', 'Hello Cherry', '1', '0', '1', null, null, null, null, null, '2', 'KH289517', '1', '2018-02-03 15:49:33', '2018-02-12 16:42:35', '1', null);
INSERT INTO books VALUES ('51', 'HT000051', 'Hoa Thanh', '098321456', '2', '960000', '08:55:00', '2018-02-05', '1', 'Hanoi Hotel, Hà Nội, Việt Nam', '08:55:00', '2018-02-20', 'Hanoi Hotel, Hà Nội, Việt Nam', '1', 'phone', '098321456', null, 'Hello', '1', '0', '1', null, null, null, null, null, '3', 'KH282419', '2', '2018-02-05 09:07:50', '2018-02-12 16:42:37', '1', null);
INSERT INTO books VALUES ('52', 'HT000052', 'Ngọc Trần', null, '1', '620000', '13:00:00', '2018-02-07', '2', 'Khách Sạn Tân Sơn Nhất, Phường 8, Hồ Chí Minh, Việt Nam', null, null, null, null, 'facebook', 'facebook.com', null, 'ABC', '1', '0', '1', null, null, null, null, null, '4', 'KH932522', '1', '2018-02-05 09:16:53', '2018-02-12 16:42:38', '1', null);
INSERT INTO books VALUES ('53', 'HT000053', 'Phương Trần', '0912029934', '1', '440000', '09:00:00', '2018-02-09', '1', 'Khách sạn Hilton, Hà Nội, Việt Nam', null, null, null, null, 'facebook', 'facebook.com', 'note bbb', 'Hello aa', '1', '0', '2', null, null, null, null, null, '2', 'KH351178', '1', '2018-02-05 09:26:20', '2018-02-12 16:42:27', '1', null);
INSERT INTO books VALUES ('54', 'HT000054', 'Hùng Nguyễn', null, '2', '830000', '14:00:00', '2018-02-05', '1', 'Khách sạn Hà Nội Daewoo, Kim Mã, Hà Nội, Việt Nam', '10:30:00', '2018-02-10', 'Khách sạn Bảo Sơn, Nguyễn Chí Thanh, Láng Thượng, Hà Nội, Việt Nam', '1', 'phone', '01257738920', 'note1', 'Hi...', '1', '0', '1', null, null, null, null, null, '2', 'KH588241', '1', '2018-02-05 09:33:58', '2018-02-05 09:33:58', '0', null);
INSERT INTO books VALUES ('55', 'HT000055', 'Nam Trần', '0123984920', '0', '570000', null, null, null, null, '09:40:00', '2018-02-08', 'Khách sạn Kim Liên, Hà Nội, Việt Nam', '1', 'facebook', 'facebook.com', 'k', 'k', '3', '0', '0', null, null, null, null, null, '4', 'KH026576', '1', '2018-02-05 09:46:54', '2018-02-05 09:46:54', '0', null);
INSERT INTO books VALUES ('56', 'HT000056', 'Nam Trần', '0123984920', '0', '570000', null, null, null, null, '09:40:00', '2018-02-08', 'Khách sạn Kim Liên, Hà Nội, Việt Nam', '1', 'facebook', 'facebook.com', 'k', 'k', '3', '0', '0', null, null, null, null, null, '4', 'KH026576', '1', '2018-02-05 09:55:00', '2018-02-05 09:55:00', '0', null);
INSERT INTO books VALUES ('57', 'HT000057', 'Nam Trần', '0123984920', '0', '570000', null, null, null, null, '09:40:00', '2018-02-08', 'Khách sạn Kim Liên, Hà Nội, Việt Nam', '1', 'facebook', 'facebook.com', 'k', 'k', '1', '0', '1', null, null, null, null, null, '4', 'KH026576', '1', '2018-02-05 09:55:30', '2018-02-05 09:55:30', '0', null);
INSERT INTO books VALUES ('58', 'HT000058', 'Henry Hung', '02938188212', '1', '500000', '10:00:00', '2018-02-10', '2', 'Khách Sạn Tân Sơn Nhất, Phường 8, Hồ Chí Minh, Việt Nam', null, null, null, null, 'phone', '0981172381', 'k', 'k', '3', '1', '1', 'HT000058', 'QT', '2018-02-05T10:00:36Z', 'fdcef77cfcf94172b64b2e865f362d43', '00', '3', 'KH458603', '2', '2018-02-05 09:59:37', '2018-02-05 10:00:36', '0', null);
INSERT INTO books VALUES ('59', 'HT000059', 'Trọng Nguyễn', '09123998231', '0', '570000', null, null, null, null, '10:30:00', '2018-02-12', 'Khách sạn Kim Liên, Hà Nội, Việt Nam', '1', 'phone', '09123998452', 'k', 'k', '2', '1', '1', 'HT000059', 'ND', '2018-02-05T10:13:50Z', '431696288cdd4928a047dbc3c7cc74af', '00', '4', 'KH555525', '1', '2018-02-05 10:11:49', '2018-02-05 10:13:53', '0', null);
INSERT INTO books VALUES ('60', 'HT000060', 'Minh Trần', null, '1', '440000', '10:15:00', '2018-02-28', '2', 'Bến Nghé, Hồ Chí Minh, Việt Nam', null, null, null, null, 'phone', '0912030049', 'k', 'kk', '2', '1', '1', 'HT000060', 'ND', '2018-02-05T10:22:07Z', '401330695591415db57a73660506ebdb', '00', '2', 'KH742102', '2', '2018-02-05 10:20:34', '2018-02-05 10:22:07', '0', null);
INSERT INTO books VALUES ('61', 'HT000061', 'Hoàng Trung', null, '1', '440000', '13:50:00', '2018-02-05', '1', 'Kiên Giang, Việt Nam', null, null, null, null, 'facebook', 'facebook.com', 'kK', 'K', '1', '0', '1', null, null, null, null, null, '2', 'KH819238', '1', '2018-02-05 13:50:27', '2018-02-05 13:50:27', '0', null);
INSERT INTO books VALUES ('62', 'HT000062', 'Nhung Trần', '098.3603.108', '1', '440000', '16:00:00', '2018-02-10', '1', 'Khách sạn Hilton, Hà Nội, Việt Nam', null, null, null, null, 'facebook', 'https://www.facebook.com/giayjuno/', 'k', 'k', '3', '1', '1', 'HT000062', 'QT', '2018-02-05T14:22:29Z', '7863413af1084719956f04d2b4f79d5c', '00', '2', 'KH567345', '2', '2018-02-05 14:21:32', '2018-02-05 14:22:28', '0', null);
INSERT INTO books VALUES ('63', 'HT000063', '1 1', '1', '1', '4400001', '15:50:00', '2018-02-05', '1', 'Khương Trung, Hà Nội, Việt Nam', null, null, null, null, 'facebook', '1', '1', '1', '1', '0', '1', null, null, null, null, null, '2', 'KH986447', '1', '2018-02-05 15:50:44', '2018-02-05 15:50:44', '0', null);
INSERT INTO books VALUES ('64', 'HT000064', 'Hoàng Nguyễn', '0982273812', '0', '3900001', null, null, null, null, '16:10:00', '2018-02-05', 'Khương Trung, Hà Nội, Việt Nam', '1', 'facebook', 'fb.com', 'note', '123', '1', '0', '1', null, null, null, null, null, '2', 'KH775909', '1', '2018-02-05 16:13:19', '2018-02-05 16:13:19', '0', null);
INSERT INTO books VALUES ('65', 'HT000065', 'Linh Bùi', '+84 92839283', '1', '440000', '16:55:00', '2018-02-09', '1', '18 T1, Lê Văn Lương, Nhân Chính, Hà Nội, Việt Nam', null, null, null, null, 'phone', '0987228392', '1', 'Linh CB0003', '1', '0', '1', null, null, null, null, null, '2', 'KH742102', '2', '2018-02-05 17:00:13', '2018-02-05 17:00:13', '0', null);
INSERT INTO books VALUES ('66', 'HT000066', 'Trang Thu', null, '1', '620000', '09:10:00', '2018-02-08', '1', 'Khu đô thị Times City, Vĩnh Tuy, Hai Bà Trưng, Hà Nội, Việt Nam', null, null, null, null, 'phone', '0912765549', null, 'Hello ms...', '3', '0', '0', null, null, null, null, null, '4', 'KH112992', '2', '2018-02-06 09:20:21', '2018-02-06 09:20:21', '0', null);
INSERT INTO books VALUES ('67', 'HT000067', 'Trang Thu', null, '1', '620000', '09:10:00', '2018-02-08', '1', 'Khu đô thị Times City, Vĩnh Tuy, Hai Bà Trưng, Hà Nội, Việt Nam', null, null, null, null, 'facebook', '0912765549', null, 'Hello ms...', '2', '0', '0', null, null, null, null, null, '4', 'KH112992', '2', '2018-02-06 09:20:52', '2018-02-06 09:20:52', '0', null);
INSERT INTO books VALUES ('68', 'HT000068', 'Trang Thu', null, '1', '620000', '09:10:00', '2018-02-08', '1', 'Khu đô thị Times City, Vĩnh Tuy, Hai Bà Trưng, Hà Nội, Việt Nam', null, null, null, null, 'facebook', '0912765549', null, 'Hello ms...', '1', '0', '1', null, null, null, null, null, '4', 'KH112992', '2', '2018-02-06 09:21:32', '2018-02-06 09:21:32', '0', null);
INSERT INTO books VALUES ('69', 'HT000069', 'Nam Hoàng', null, '1', '440000', '09:10:00', '2018-02-06', '1', 'Kinh Dương Vương, Quận 6, Hồ Chí Minh, Việt Nam', null, null, null, null, 'phone', '0123456789', 'k', 'k', '1', '0', '1', null, null, null, null, null, '2', 'KH460088', '2', '2018-02-06 09:21:32', '2018-02-06 09:21:32', '0', null);
INSERT INTO books VALUES ('70', 'HT000070', 'Long Nguyễn', '098737466363', '0', '570000', null, null, null, null, '09:30:00', '2018-02-10', 'Kinh Dương Vương, Quận 6, Hồ Chí Minh, Việt Nam', '2', 'phone', '0987777777', 'K', 'K', '3', '0', '0', null, null, null, null, null, '4', 'KH715700', '2', '2018-02-06 09:32:42', '2018-02-06 09:32:42', '0', null);
INSERT INTO books VALUES ('71', 'HT000071', 'Long Nguyễn', '098737466363', '0', '570000', null, null, null, null, '09:30:00', '2018-02-10', 'Kinh Dương Vương, Quận 6, Hồ Chí Minh, Việt Nam', '2', 'facebook', '0987777777', 'K', 'K', '1', '0', '1', null, null, null, null, null, '4', 'KH715700', '2', '2018-02-06 09:33:11', '2018-02-06 09:33:11', '0', null);
INSERT INTO books VALUES ('72', 'HT000072', 'Hồng Thu', '0974445712', '1', '500000', '11:00:00', '2018-02-09', '1', 'Kiên Giang, Việt Nam', null, null, null, null, 'facebook', '01236653321', 'K', 'K', '1', '0', '1', null, null, null, null, null, '3', 'KH938747', '1', '2018-02-06 09:45:19', '2018-02-06 09:45:19', '0', null);
INSERT INTO books VALUES ('73', 'HT000073', 'Nhung Hồng', null, '2', '1190000', '09:45:00', '2018-02-09', '1', 'Khâm Thiên, Đống Đa, Hà Nội, Việt Nam', '15:00:00', '2018-02-20', 'Khâm Thiên, Đống Đa, Hà Nội, Việt Nam', '1', 'phone', '01234567888', 'K', 'K', '1', '0', '1', null, null, null, null, null, '4', 'KH437239', '2', '2018-02-06 09:54:35', '2018-02-06 09:54:35', '0', null);
INSERT INTO books VALUES ('74', 'HT000074', 'Ngọc Nguyễn', null, '2', '960000', '09:50:00', '2018-02-06', '1', 'Km6 Giải Phóng, Giáp Bát, Thanh Xuân, Hà Nội, Việt Nam', '12:00:00', '2018-02-09', 'Km6 Giải Phóng, Giáp Bát, Thanh Xuân, Hà Nội, Việt Nam', '1', 'facebook', 'Fb.com', null, 'K', '1', '0', '1', null, null, null, null, null, '3', 'KH087791', '2', '2018-02-06 10:02:22', '2018-02-06 10:02:22', '0', null);
INSERT INTO books VALUES ('75', 'HT000075', 'Mạnh Trần', '+88 09535678034', '1', '440000', '10:00:00', '2018-02-10', '1', 'Khánh Hòa, Việt Nam', null, null, null, null, 'phone', '098123456', 'K', 'K', '3', '0', '0', null, null, null, null, null, '2', 'KH900300', '1', '2018-02-06 10:06:25', '2018-02-06 10:06:25', '0', null);
INSERT INTO books VALUES ('76', 'HT000076', 'Mạnh Trần', '+88 09535678034', '1', '440000', '10:00:00', '2018-02-10', '1', 'Khánh Hòa, Việt Nam', null, null, null, null, 'facebook', '098123456', 'K', 'K', '2', '1', '1', 'HT000076', 'ND', '2018-02-06T10:08:42Z', 'ac301f7d98db44c380fe506fab11850b', '00', '2', 'KH900300', '1', '2018-02-06 10:06:54', '2018-02-06 10:08:42', '0', null);
INSERT INTO books VALUES ('77', 'HT000077', 'Tên Họ', null, '0', '570000', null, null, null, null, '10:05:00', '2018-02-06', 'Khánh Hòa, Việt Nam', '1', 'phone', '09168883092', 'K', 'K', '3', '0', '0', null, null, null, null, null, '4', 'KH205960', '2', '2018-02-06 10:11:40', '2018-02-06 10:11:41', '0', null);
INSERT INTO books VALUES ('78', 'HT000078', 'Tên Họ', null, '0', '570000', null, null, null, null, '10:05:00', '2018-02-06', 'Khánh Hòa, Việt Nam', '1', 'facebook', '09168883092', 'K', 'K', '2', '0', '0', null, null, null, null, null, '4', 'KH205960', '2', '2018-02-06 10:11:59', '2018-02-06 10:11:59', '0', null);
INSERT INTO books VALUES ('79', 'HT000079', 'Tên Họ', null, '0', '570000', null, null, null, null, '10:05:00', '2018-02-06', 'Khánh Hòa, Việt Nam', '1', 'facebook', '09168883092', 'K', 'K', '3', '0', '0', null, null, null, null, null, '4', 'KH205960', '2', '2018-02-06 10:12:27', '2018-02-06 10:12:27', '0', null);
INSERT INTO books VALUES ('80', 'HT000080', 'Tên Họ', null, '0', '570000', null, null, null, null, '10:05:00', '2018-02-06', 'Khánh Hòa, Việt Nam', '1', 'facebook', '09168883092', 'K', 'K', '2', '1', '1', 'HT000080', 'ND', '2018-02-06T10:14:04Z', '2714547f5d064ebc8473784a96b15e78', '00', '4', 'KH205960', '2', '2018-02-06 10:12:38', '2018-02-06 10:14:05', '0', null);
INSERT INTO books VALUES ('81', 'HT000081', 'Mai 1 Chu 1', null, '1', '440000', '10:10:00', '2018-02-06', '2', 'Khánh Hòa, Việt Nam', null, null, null, null, 'phone', '0984331234', 'K', 'K', '3', '0', '0', null, null, null, null, null, '2', 'KH651433', '2', '2018-02-06 10:19:20', '2018-02-06 10:19:20', '0', null);
INSERT INTO books VALUES ('82', 'HT000082', 'Mai 1 Chu 1', null, '1', '440000', '10:10:00', '2018-02-06', '2', 'Khánh Hòa, Việt Nam', null, null, null, null, 'facebook', '0984331234', 'K', 'K', '3', '0', '0', null, null, null, null, null, '2', 'KH651433', '2', '2018-02-06 10:20:23', '2018-02-06 10:20:23', '0', null);
INSERT INTO books VALUES ('83', 'HT000083', 'Mai 1 Chu 1', null, '1', '440000', '10:10:00', '2018-02-06', '2', 'Khánh Hòa, Việt Nam', null, null, null, null, 'facebook', '0984331234', 'K', 'K', '3', '0', '0', null, null, null, null, null, '2', 'KH651433', '2', '2018-02-06 10:20:58', '2018-02-06 10:20:59', '0', null);
INSERT INTO books VALUES ('84', 'HT000084', 'Mai 1 Chu 1', null, '1', '440000', '10:10:00', '2018-02-06', '2', 'Khánh Hòa, Việt Nam', null, null, null, null, 'facebook', '0984331234', 'K', 'K', '2', '0', '0', null, null, null, null, null, '2', 'KH651433', '2', '2018-02-06 10:21:21', '2018-02-06 10:21:21', '0', null);
INSERT INTO books VALUES ('85', 'HT000085', 'Mai 1 Chu 1', null, '1', '500000', '12:30:00', '2018-02-09', '2', 'Hoi An, Quảng Nam, Việt Nam', null, null, null, null, 'facebook', '0984331234', 'K', 'K', '1', '0', '2', null, null, null, null, null, '3', 'KH651433', '2', '2018-02-06 11:03:59', '2018-02-06 11:04:40', '0', null);
INSERT INTO books VALUES ('86', 'HT000086', '22 2', '123', '1', '500000', '11:10:00', '2018-02-06', '1', 'k', null, null, null, null, 'facebook', '1', '11', '1', '1', '1', '2', null, null, null, null, null, '3', 'KH747988', '1', '2018-02-06 11:15:13', '2018-02-06 15:07:24', '0', null);
INSERT INTO books VALUES ('87', 'HT000087', 'Lê Trần', '0999888777', '0', '5700001', null, null, null, null, '11:15:00', '2018-02-27', 'Khách sạn Hilton, Phan Chu Trinh, Hà Nội, Việt Nam', '1', 'facebook', 'Fb.com', null, 'Kk', '3', '0', '0', null, null, null, null, null, '4', 'KH857577', '2', '2018-02-06 11:22:32', '2018-02-06 11:22:32', '0', null);
INSERT INTO books VALUES ('88', 'HT000088', 'Lê Trần', '0999888777', '0', '5700001', null, null, null, null, '11:15:00', '2018-02-27', 'Khách sạn Hilton, Phan Chu Trinh, Hà Nội, Việt Nam', '1', 'facebook', 'Fb.com', null, 'Kk', '3', '0', '0', null, null, null, null, null, '4', 'KH857577', '2', '2018-02-06 11:22:38', '2018-02-06 11:22:38', '0', null);
INSERT INTO books VALUES ('89', 'HT000089', 'Lê Trần', '0999888777', '0', '5700001', null, null, null, null, '11:15:00', '2018-02-27', 'Khách sạn Hilton, Phan Chu Trinh, Hà Nội, Việt Nam', '1', 'facebook', 'Fb.com', null, 'Kk', '2', '0', '0', null, null, null, null, null, '4', 'KH857577', '2', '2018-02-06 11:22:42', '2018-02-06 11:22:42', '0', null);
INSERT INTO books VALUES ('90', 'HT000090', 'Lê Trần', '0999888777', '0', '5700001', null, null, null, null, '11:15:00', '2018-02-27', 'Khách sạn Hilton, Phan Chu Trinh, Hà Nội, Việt Nam', '1', 'facebook', 'Fb.com', null, 'Kk', '3', '0', '0', null, null, null, null, null, '4', 'KH857577', '2', '2018-02-06 11:22:45', '2018-02-06 11:22:45', '0', null);
INSERT INTO books VALUES ('91', 'HT000091', 'Lê Trần', '0999888777', '0', '5700001', null, null, null, null, '11:15:00', '2018-02-27', 'Khách sạn Hilton, Phan Chu Trinh, Hà Nội, Việt Nam', '1', 'facebook', 'Fb.com', null, 'Kk', '2', '0', '0', null, null, null, null, null, '4', 'KH857577', '2', '2018-02-06 11:22:48', '2018-02-06 11:22:48', '0', null);
INSERT INTO books VALUES ('92', 'HT000092', 'Lê Trần', '0999888777', '0', '5700001', null, null, null, null, '11:15:00', '2018-02-27', 'Khách sạn Hilton, Phan Chu Trinh, Hà Nội, Việt Nam', '1', 'facebook', 'Fb.com', null, 'Kk', '2', '0', '0', null, null, null, null, null, '4', 'KH857577', '2', '2018-02-06 11:23:31', '2018-02-06 11:23:31', '0', null);
INSERT INTO books VALUES ('93', 'HT000093', 'Lê Trần', '0999888777', '0', '5700001', null, null, null, null, '11:15:00', '2018-02-27', 'Khách sạn Hilton, Phan Chu Trinh, Hà Nội, Việt Nam', '1', 'facebook', 'Fb.com', null, 'Kk', '3', '0', '0', null, null, null, null, null, '4', 'KH857577', '2', '2018-02-06 11:23:38', '2018-02-06 11:23:38', '0', null);
INSERT INTO books VALUES ('94', 'HT000094', 'Lê Trần', '0999888777', '0', '5700001', null, null, null, null, '11:15:00', '2018-02-27', 'Khách sạn Hilton, Phan Chu Trinh, Hà Nội, Việt Nam', '1', 'facebook', 'Fb.com', null, 'Kk', '1', '0', '0', null, null, null, null, null, '4', 'KH857577', '2', '2018-02-06 11:23:42', '2018-02-06 15:07:19', '0', null);
INSERT INTO books VALUES ('95', 'HT000095', 'henry hacj', 'da', '1', '440000', null, null, null, null, '11:30:00', '2018-02-06', '1', 'a', 'facebook', 'fasf', 'fsaf', 'fasf', '1', '1', '2', null, null, null, null, null, '2', 'KH249515', '1', '2018-02-06 11:33:35', '2018-02-12 12:27:44', '1', null);
INSERT INTO books VALUES ('96', 'HT000096', 'Hồng Hoàng', '0972', '1', '500000', null, null, null, null, '17:30:00', '2018-02-15', '2', 'Khách Sạn Tân Sơn Nhất, phường 8, Hồ Chí Minh, Việt Nam', 'facebook', '0908070605', null, 'Ms hồng', '2', '1', '1', 'HT000096', 'ND', '2018-02-06T11:40:33Z', 'c7ef19d8c2724e0a878c5ce02f34fbd8', '00', '3', 'KH562347', '1', '2018-02-06 11:38:50', '2018-02-06 11:40:33', '0', null);
INSERT INTO books VALUES ('97', 'HT000097', 'Hoa họ', '0912999111', '1', '440000', null, null, null, null, '11:40:00', '2018-02-16', '2', 'Khách Sạn Tân Sơn Nhất, phường 8, Hồ Chí Minh, Việt Nam', 'phone', '123456', 'k', 'k', '1', '0', '1', null, null, null, null, null, '2', 'KH574008', '2', '2018-02-06 11:43:26', '2018-02-06 11:43:26', '0', null);
INSERT INTO books VALUES ('98', 'HT000098', 'Nhung Hoàng', '09811239231', '2', '830000', '16:45:00', '2018-02-10', 'Kim Liên, Đống Đa, Hà Nội, Việt Nam', '1', '11:45:00', '2018-02-06', '1', 'Khách sạn Hà Nội Daewoo, Kim Mã, Ngọc Khánh, Ba Đình, Hà Nội, Việt Nam', 'facebook', 'fb.com', 'k', 'k', '1', '0', '0', null, null, null, null, null, '2', 'KH853394', '2', '2018-02-06 11:48:57', '2018-02-06 15:06:06', '0', null);
INSERT INTO books VALUES ('99', 'HT000099', 'das fasfaf', null, '1', '440000', null, null, null, null, '11:55:00', '2018-02-06', '1', 'A2C Kinh Dương Vương, phường 13, Quận 6, Hồ Chí Minh, Việt Nam', 'facebook', null, null, null, '1', '1', '2', null, null, null, null, null, '2', 'KH218869', '1', '2018-02-06 12:03:17', '2018-02-06 15:06:01', '0', null);
INSERT INTO books VALUES ('100', 'HT000100', 'asdasd sadasd', null, '1', '440000', null, null, null, null, '12:05:00', '2018-02-06', '1', 'ad', 'facebook', null, null, null, '1', '1', '2', null, null, null, null, null, '2', 'KH554396', '1', '2018-02-06 12:33:54', '2018-02-06 15:01:18', '0', null);
INSERT INTO books VALUES ('101', 'HT000101', 'm Nguyễn', null, '2', '830000', '13:55:00', '2018-02-06', 'k', '1', '13:55:00', '2018-02-06', '1', 'k', 'facebook', null, null, null, '1', '0', '2', null, null, null, null, null, '2', 'KH432635', '1', '2018-02-06 13:57:35', '2018-02-12 12:26:51', '1', null);
INSERT INTO books VALUES ('102', 'HT000102', 'mai Nguyễn', null, '1', '440000', null, null, null, null, '13:55:00', '2018-02-06', '1', 'An Giang, Việt Nam', 'facebook', null, null, null, '3', '1', '2', 'HT000102', 'QT', '2018-02-06T14:20:19Z', 'dd967cfc7bbd4d71b43becba25fd39d8', '00', '2', 'KH120160', '1', '2018-02-06 14:18:52', '2018-02-06 14:26:25', '0', null);
INSERT INTO books VALUES ('103', 'HT000103', 'q q', null, '0', '140000', '14:55:00', '2018-02-06', 'Km6 Giải Phóng, Giáp Bát, Thanh Xuân, Hà Nội, Việt Nam', '1', null, null, null, null, 'facebook', null, null, null, '1', '0', '0', null, null, null, null, null, '5', 'KH419924', '1', '2018-02-06 15:03:58', '2018-02-12 12:29:33', '1', null);
INSERT INTO books VALUES ('104', 'HT000104', 'a b', '0906075525', '1', '440000', null, null, null, null, '14:55:00', '2018-02-07', '1', 'Church Boutique Hotel, Hàng Đào, Hoàn Kiếm, Hà Nội, Việt Nam', 'phone', 'fb.com/abc', null, 'elen', '1', '0', '1', null, null, null, null, null, '2', 'KH820495', '1', '2018-02-06 15:37:55', '2018-02-28 14:27:13', '1', null);
INSERT INTO books VALUES ('105', 'HT000105', 'Hương Phùng', null, '1', '500000', null, null, null, null, '19:15:00', '2018-02-24', '2', 'Hotel des Arts Saigon MGallery Collection, phường 6, Hồ Chí Minh, Việt Nam', 'facebook', null, null, null, '1', '0', '1', null, null, null, null, null, '3', 'KH649704', '1', '2018-02-06 16:28:05', '2018-02-06 16:28:06', '0', null);
INSERT INTO books VALUES ('106', 'HT000106', '1 2', null, '1', '440000', null, null, null, null, '16:20:00', '2018-02-06', '1', 'k', 'facebook', null, null, null, '1', '0', '1', null, null, null, null, null, '2', 'KH685643', '1', '2018-02-06 16:39:50', '2018-02-06 16:39:50', '0', null);
INSERT INTO books VALUES ('107', 'HT000107', '1 1', null, '1', '440000', null, null, null, null, '16:35:00', '2018-02-06', '1', 'Kiên Giang, Việt Nam', 'facebook', null, null, null, '1', '0', '1', null, null, null, null, null, '2', 'KH193309', '1', '2018-02-06 16:40:16', '2018-02-06 16:40:16', '0', null);
INSERT INTO books VALUES ('108', 'HT000108', 'asda a', '0968125894', '1', '440000', null, null, null, null, '17:10:00', '2018-02-06', '1', 'dasd', 'facebook', null, null, null, '1', '0', '1', null, null, null, null, null, '2', 'KH344138', '1', '2018-02-06 17:12:05', '2018-02-06 17:12:05', '0', null);
INSERT INTO books VALUES ('109', 'HT000109', 'asdasd dasd', null, '1', '440000', null, null, null, null, '17:10:00', '2018-02-06', '1', 'dasd', 'facebook', null, null, null, '1', '0', '1', null, null, null, null, null, '2', 'KH510429', '1', '2018-02-06 17:14:15', '2018-02-06 17:14:15', '0', null);
INSERT INTO books VALUES ('110', 'HT000110', 'fasf afasf', null, '1', '440000', null, null, null, null, '17:15:00', '2018-02-06', '1', 'ffafa', 'facebook', null, null, null, '1', '0', '1', null, null, null, null, null, '2', 'KH249032', '1', '2018-02-06 17:15:48', '2018-02-06 17:15:48', '0', null);
INSERT INTO books VALUES ('111', 'HT000111', 'qq qqqq', null, '1', '440000', null, null, null, null, '17:15:00', '2018-02-06', '1', 'Hà Nội, Việt Nam', 'facebook', null, null, null, '1', '0', '0', null, null, null, null, null, '2', 'KH181934', '1', '2018-02-06 17:16:49', '2018-02-12 12:31:41', '1', null);
INSERT INTO books VALUES ('112', 'HT000112', '123 1', null, '1', '440000', null, null, null, null, '17:15:00', '2018-02-06', '1', 'A3 Điện Biên Phủ, Phường 25, Bình Thạnh, Hồ Chí Minh, Việt Nam', 'facebook', null, null, null, '1', '0', '1', null, null, null, null, null, '2', 'KH524768', '1', '2018-02-06 17:17:23', '2018-02-06 17:17:23', '0', null);
INSERT INTO books VALUES ('113', 'HT000113', 'kio et', null, '0', '390000', '17:15:00', '2018-02-06', 'Kinh Dương Vương, Quận 6, Hồ Chí Minh, Việt Nam', '2', null, null, null, null, 'facebook', null, null, null, '1', '0', '1', null, null, null, null, null, '2', 'KH278770', '1', '2018-02-06 17:18:44', '2018-02-06 17:18:44', '0', null);
INSERT INTO books VALUES ('114', 'HT000114', 'dasd dasd', 'dasd', '1', '440000', null, null, null, null, '09:20:00', '2018-02-09', '1', 'a', 'facebook', null, null, null, '1', '0', '1', null, null, null, null, null, '2', 'KH344138', '1', '2018-02-09 09:24:43', '2018-02-09 09:24:44', '0', null);
INSERT INTO books VALUES ('115', 'HT000115', 'dasd dasd', 'dasd', '1', '440000', null, null, null, null, '09:20:00', '2018-02-09', '1', 'a', 'facebook', null, null, null, '1', '1', '2', null, null, null, null, null, '2', 'KH344138', '1', '2018-02-09 09:25:42', '2018-02-12 10:33:24', '0', null);
INSERT INTO books VALUES ('116', 'HT000116', 'ads gft', null, '0', '460000', '16:55:00', '2018-02-09', 'Hà Nội, Việt Nam', '1', null, null, null, null, 'facebook', null, null, null, '3', '0', '0', null, null, null, null, null, '3', 'KH911815', '1', '2018-02-09 17:01:34', '2018-02-09 17:01:34', '0', null);
INSERT INTO books VALUES ('117', 'HT000117', 'huệ nguyễn', null, '1', '440000', null, null, null, null, '10:05:00', '2018-02-12', '1', 'Hotel Nikko Saigon, 235 Nguyễn Văn Cừ, Nguyễn Cư Trinh, Quận 1, Hồ Chí Minh, Việt Nam', 'facebook', null, null, null, '3', '1', '2', 'HT000117', 'QT', '2018-02-12T10:15:08Z', 'b164e51fd2804c75aa8398ecd971cf5c', '00', '2', 'KH636750', '1', '2018-02-12 10:11:49', '2018-02-12 10:33:16', '0', null);
INSERT INTO books VALUES ('118', 'HT000118', 'dasd dasd', 'dsadas', '1', '440000', null, null, null, null, '10:35:00', '2018-02-12', '1', 'A3 Điện Biên Phủ, Phường 25, Bình Thạnh, Hồ Chí Minh, Việt Nam', 'facebook', null, null, null, '1', '0', '1', null, null, null, null, null, '2', 'KH554396', '1', '2018-02-12 10:35:46', '2018-02-12 10:35:46', '0', null);
INSERT INTO books VALUES ('119', 'HT000119', 'Abc Df', null, '1', '440000', null, null, null, null, '10:50:00', '2018-02-12', '1', 'Lotte, Liễu Giai, Cống Vị, Ba Đình, Hà Nội, Việt Nam', 'facebook', null, null, null, '3', '0', '0', null, null, null, null, null, '2', 'KH205960', '1', '2018-02-12 10:56:28', '2018-02-12 10:56:29', '0', null);
INSERT INTO books VALUES ('120', 'HT000120', 'Huopi Man', null, '0', '390000', '10:55:00', '2018-02-12', '32 Gia Ngư Street, Hàng Bạc, Hoàn Kiếm, Hà Nội, Việt Nam', '1', null, null, null, null, 'facebook', null, null, null, '3', '0', '0', null, null, null, null, null, '2', 'KH212335', '1', '2018-02-12 11:01:38', '2018-02-12 11:01:38', '0', null);
INSERT INTO books VALUES ('121', 'HT000121', 'dasd dasd', '0968125894', '1', '440000', null, null, null, null, '11:45:00', '2018-02-12', '1', 'Dasushi BBQ&Beer, Võ Văn Kiệt, An Hải Đông, Q. Sơn, Đà Nẵng, Việt Nam', 'facebook', null, null, null, '3', '0', '0', null, null, null, null, null, '2', 'KH344138', '1', '2018-02-12 11:52:31', '2018-02-12 12:25:54', '1', null);
INSERT INTO books VALUES ('122', 'HT000122', 'dasd dasd', '0968125894', '1', '440000', null, null, null, null, '11:45:00', '2018-02-12', '1', 'Dasushi BBQ&Beer, Võ Văn Kiệt, An Hải Đông, Q. Sơn, Đà Nẵng, Việt Nam', 'facebook', null, null, null, '3', '0', '0', null, null, null, null, null, '2', 'KH344138', '1', '2018-02-12 11:52:54', '2018-02-12 12:14:05', '1', null);
INSERT INTO books VALUES ('123', 'HT000123', 'dasd dasd', null, '1', '440000', null, null, null, null, '01:05:00', '2018-02-12', '1', 'A3 Điện Biên Phủ, Phường 25, Bình Thạnh, Hồ Chí Minh, Việt Nam', 'facebook', null, null, null, '3', '0', '0', null, null, null, null, null, '2', 'KH344138', '1', '2018-02-12 13:24:37', '2018-02-12 13:24:37', '0', null);
INSERT INTO books VALUES ('124', 'HT000124', 'dasd dasd', null, '1', '440000', null, null, null, null, '01:05:00', '2018-02-12', '1', 'A3 Điện Biên Phủ, Phường 25, Bình Thạnh, Hồ Chí Minh, Việt Nam', 'facebook', null, null, null, '2', '0', '0', null, null, null, null, null, '2', 'KH344138', '1', '2018-02-12 13:25:23', '2018-03-19 15:58:33', '1', null);
INSERT INTO books VALUES ('125', 'HT000125', '1231 1', null, '1', '440000', null, null, null, null, '11:00:00', '2018-02-12', '1', 'Hồ Chí Minh, Việt Nam', 'facebook', null, null, null, '2', '0', '0', null, null, null, null, null, '2', 'KH776132', '1', '2018-02-12 13:25:39', '2018-02-12 14:27:20', '1', null);
INSERT INTO books VALUES ('126', 'HT000126', 'ads gft', null, '1', '620000', null, null, null, null, '02:00:00', '2018-02-13', '1', 'Hà Nội, Hoàn Kiếm, Hà Nội, Việt Nam', 'facebook', null, null, null, '2', '0', '0', null, null, null, null, null, '4', 'KH911815', '1', '2018-02-12 14:55:40', '2018-02-12 15:06:07', '1', null);
INSERT INTO books VALUES ('127', 'HT000127', 'ads gft', null, '1', '620000', null, null, null, null, '02:00:00', '2018-02-13', '1', 'Hà Nội, Hoàn Kiếm, Hà Nội, Việt Nam', 'facebook', null, null, null, '1', '0', '1', null, null, null, null, null, '4', 'KH911815', '1', '2018-02-12 14:57:43', '2018-02-12 14:57:43', '0', null);
INSERT INTO books VALUES ('128', 'HT000128', 'Hoa Hoàng', '+84 1648729942', '1', '440000', null, null, null, null, '11:00:00', '2018-02-12', '2', 'Khách Sạn Tân Sơn Nhất, phường 8, Hồ Chí Minh, Việt Nam', 'facebook', null, null, null, '2', '0', '0', null, null, null, null, null, '2', 'KH680418', '1', '2018-02-12 16:20:06', '2018-02-12 16:20:06', '0', null);
INSERT INTO books VALUES ('129', 'HT000129', 'Hoa Hoàng', '+84 1648729942', '0', '570000', '00:00:00', '2018-02-12', 'Hotel Nikko Saigon, 235 Nguyễn Văn Cừ, Nguyễn Cư Trinh, Quận 1, Hồ Chí Minh, Việt Nam', '2', null, null, null, null, 'facebook', null, null, null, '1', '0', '1', null, null, null, null, null, '4', 'KH680418', '2', '2018-02-12 16:23:22', '2018-02-12 16:23:22', '0', null);
INSERT INTO books VALUES ('130', 'HT000130', 'mai chu', '+8112121212', '1', '440000', null, null, null, null, '00:00:00', '2018-02-12', '1', 'A3 Điện Biên Phủ, Phường 25, Bình Thạnh, Hồ Chí Minh, Việt Nam', 'phone', '0968125894', 'noet', null, '1', '0', '1', null, null, null, null, null, '2', 'KH198396', '1', '2018-02-12 16:24:40', '2018-02-12 16:24:40', '0', null);
INSERT INTO books VALUES ('131', 'HT000131', 'das dasd', '+81dasd', '1', '440000', null, null, null, null, '00:00:00', '2018-02-12', '1', 'A3 Điện Biên Phủ, Phường 25, Bình Thạnh, Hồ Chí Minh, Việt Nam', 'facebook', 'dasd', 'dasd', null, '1', '0', '1', null, null, null, null, null, '2', 'KH344138', '1', '2018-02-12 16:35:41', '2018-02-12 17:05:50', '1', null);
INSERT INTO books VALUES ('132', 'HT000132', 'Hà Lê', '+84 98383831', '1', '620000', null, null, null, null, '14:00:00', '2018-02-12', '2', 'Tân Bình, Hồ Chí Minh, Việt Nam', 'facebook', null, null, null, '1', '0', '1', null, null, null, null, null, '4', 'KH892604', '1', '2018-02-12 16:35:58', '2018-02-12 16:36:18', '1', null);
INSERT INTO books VALUES ('133', 'HT000133', 'pham duc', '+84968125894', '1', '440000', null, null, null, null, '00:00:00', '2018-02-12', '1', 'Khách Sạn Tân Sơn Nhất, phường 8, Hồ Chí Minh, Việt Nam', 'facebook', 'link facebook', null, null, '1', '0', '1', null, null, null, null, null, '2', 'KH344138', '1', '2018-02-12 16:37:06', '2018-02-12 17:06:04', '1', null);
INSERT INTO books VALUES ('134', 'HT000134', 'Hương Hoàng', '+33 984736266372', '1', '440000', null, null, null, null, '05:00:00', '2018-02-12', '2', 'Hotel Nikko Saigon, 235 Nguyễn Văn Cừ, Nguyễn Cư Trinh, Quận 1, Hồ Chí Minh, Việt Nam', 'facebook', null, null, null, '1', '0', '1', null, null, null, null, null, '2', 'KH870023', '2', '2018-02-12 17:04:48', '2018-02-12 17:06:20', '1', null);
INSERT INTO books VALUES ('135', 'HT000135', 'linh Nguyễn', '+84 928387821', '1', '440000', null, null, null, null, '12:00:00', '2018-02-12', '1', 'Hà Nội, Hoàn Kiếm, Hà Nội, Việt Nam', 'facebook', null, null, null, '2', '0', '0', null, null, null, null, null, '2', 'KH867481', '1', '2018-02-12 17:10:47', '2018-02-21 14:51:59', '1', null);
INSERT INTO books VALUES ('136', 'HT000136', 'linh Nguyễn', '+84 928387821', '1', '440000', null, null, null, null, '12:00:00', '2018-02-12', '1', 'Hà Nội, Hoàn Kiếm, Hà Nội, Việt Nam', 'facebook', null, null, null, '1', '0', '1', null, null, null, null, null, '2', 'KH867481', '1', '2018-02-12 17:13:14', '2018-02-12 17:13:27', '1', null);
INSERT INTO books VALUES ('137', 'HT000137', 'John Barkley', '+81', '0', '390000', '21:10:00', '2018-02-20', '14 luong van can', '1', null, null, null, null, 'facebook', null, null, null, '1', '0', '1', null, null, null, null, null, '2', 'KH212335', '2', '2018-02-20 01:12:56', '2018-02-21 14:05:42', '1', null);
INSERT INTO books VALUES ('138', 'HT000138', 'Ngọc Hồng', '+84 165302001', '1', '500000', null, null, null, null, '11:30:00', '2018-02-28', '1', 'HOTEL, Cầu Giấy, Dịch Vọng, Cầu Giấy, Hà Nội, Việt Nam', 'facebook', null, null, null, '1', '0', '1', null, null, null, null, null, '3', 'KH278770', '2', '2018-02-21 14:04:36', '2018-02-21 14:05:15', '1', null);
INSERT INTO books VALUES ('139', 'HT000139', 'Phương Ngọc', '+33 83823423424432', '0', '390000', '02:00:00', '2018-02-28', 'Hà Nội Tower, Hai Bà Trưng, Trần Hưng Đạo, Hoàn Kiếm, Hà Nội, Việt Nam', '1', null, null, null, null, 'phone', '9293829332424', 'k', 'k', '1', '0', '1', null, null, null, null, null, '2', 'KH780542', '2', '2018-02-21 14:46:49', '2018-02-21 14:47:08', '1', null);
INSERT INTO books VALUES ('140', 'HT000140', 'Nam Phạm', '+84 982738281', '2', '1190000', '15:00:00', '2018-03-03', 'Khách Sạn Festival, Cao Thắng, phường 2, Quận 3, Hồ Chí Minh, Việt Nam', '2', '08:30:00', '2018-02-25', '2', 'Khách Sạn Festival, Cao Thắng, phường 2, Quận 3, Hồ Chí Minh, Việt Nam', 'facebook', null, null, null, '1', '0', '1', null, null, null, null, null, '4', 'KH153421', '2', '2018-02-21 14:58:35', '2018-02-22 08:42:39', '1', null);
INSERT INTO books VALUES ('141', 'HT000141', 'Trang Thu', '+84 1257728876', '1', '440000', null, null, null, null, '12:45:00', '2018-02-21', '1', 'Hotel Happy, Kim Mã, Ngọc Khánh, Ba Đình, Hà Nội, Việt Nam', 'facebook', 'fb.com', null, null, '1', '0', '1', null, null, null, null, null, '2', 'KH742007', '2', '2018-02-21 15:13:10', '2018-02-21 15:13:43', '1', null);
INSERT INTO books VALUES ('142', 'HT000142', 'Linh Hoàng', '+84 864829123', '2', '1190000', '08:00:00', '2018-03-02', '174 Cầu Giấy, Dịch Vọng, Cầu Giấy, Hà Nội, Việt Nam', '1', '21:59:00', '2018-02-22', '1', '174 Cầu Giấy, Dịch Vọng, Cầu Giấy, Hà Nội, Việt Nam', 'phone', '0912020091', null, null, '1', '0', '1', null, null, null, null, null, '4', 'KH015810', '2', '2018-02-22 14:04:53', '2018-02-22 14:04:53', '0', null);
INSERT INTO books VALUES ('143', 'HT000143', 'Sam Berley', '+63', '0', '390000', '20:30:00', '2018-02-28', '49 Lãn Ông, Hàng Bồ, Hoàn Kiếm, Hà Nội, Việt Nam', '1', null, null, null, null, 'facebook', '090009234', null, null, '1', '0', '1', null, null, null, null, null, '2', 'KH881425', '1', '2018-02-25 10:54:54', '2018-02-25 10:54:54', '0', null);
INSERT INTO books VALUES ('144', 'HT000144', 'John Mc Cain', '+81', '0', '390000', '20:30:00', '2018-02-25', 'Khach san sofitel metropole, Phố Ngô Quyền, French Quarter, Lý Thái Tổ, Hoàn Kiếm, Hà Nội, Việt Nam', '1', null, null, null, null, 'facebook', null, null, null, '1', '0', '1', null, null, null, null, null, '2', 'KH525381', '1', '2018-02-25 10:57:10', '2018-02-25 10:57:10', '0', null);
INSERT INTO books VALUES ('145', 'HT000145', 'Reva Tojo', '+81', '0', '390000', '21:30:00', '2018-02-25', '35 Mã Mây, Hoàn Kiếm, Hà Nội, Việt Nam', '1', null, null, null, null, 'facebook', null, null, null, '3', '0', '0', null, null, null, null, null, '2', 'KH396497', '1', '2018-02-25 12:34:39', '2018-03-19 15:56:12', '1', null);
INSERT INTO books VALUES ('146', 'HT000146', 'Bambo Canal', '+81', '0', '550000', '21:59:00', '2018-02-27', 'Hong Ngoc Dynastie Hotel, Hàng Mành, Hàng Gai, Hoàn Kiếm, Hà Nội, Việt Nam', '1', null, null, null, null, 'facebook', null, null, null, '1', '0', '1', null, null, null, null, null, '3', 'KH484531', '2', '2018-02-26 10:19:15', '2018-02-26 10:19:15', '0', null);
INSERT INTO books VALUES ('147', 'HT000147', 'mai Chu', '+81', '1', '440000', null, null, null, null, '12:00:00', '2018-02-26', '1', 'Khu đô thị Times City, Vĩnh Tuy, Hai Bà Trưng, Hà Nội, Việt Nam', 'facebook', null, null, null, '3', '0', '0', null, null, null, null, null, '2', 'KH819770', '1', '2018-02-26 14:24:36', '2018-02-28 16:57:19', '1', null);
INSERT INTO books VALUES ('148', 'HT000148', 'Nam Phong', '+81', '0', '390000', '20:15:00', '2018-02-27', 'Maison D\'Hanoi Boutique Hotel, Mã Mây, Hàng Buồm, Hoàn Kiếm, Hà Nội, Việt Nam', '1', null, null, null, null, 'facebook', null, null, null, '1', '0', '1', null, null, null, null, null, '2', 'KH026576', '1', '2018-02-27 16:44:52', '2018-02-28 16:41:03', '1', null);
INSERT INTO books VALUES ('149', 'HT000149', 'na na', '+81', '2', '830000', '12:30:00', '2018-02-28', 'Church Boutique Hotel, Hàng Đào, Hoàn Kiếm, Hà Nội, Việt Nam', '1', '07:50:00', '2018-03-01', '1', 'Maison D\'Hanoi Boutique Hotel, Mã Mây, Hàng Buồm, Hoàn Kiếm, Hà Nội, Việt Nam', 'facebook', null, null, null, '1', '1', '2', null, null, null, null, null, '2', 'KH723979', '1', '2018-02-27 16:52:32', '2018-02-27 16:56:06', '0', null);
INSERT INTO books VALUES ('150', 'HT000150', 'mai Chu', '+968', '1', '900000', null, null, null, null, '12:00:00', '2018-02-28', '1', 'Hà Nội, Hoàn Kiếm, Hà Nội, Việt Nam', 'facebook', null, null, null, '3', '0', '0', null, null, null, null, null, '4', 'KH819770', '1', '2018-02-28 13:59:30', '2018-02-28 14:22:12', '1', null);
INSERT INTO books VALUES ('151', 'HT000151', 'Duong Dang', '+84092343532', '1', '440000', null, null, null, null, '00:00:07', '2018-03-02', '1', 'Hoàn Kiếm, Hà Nội, Việt Nam', 'facebook', null, null, null, '1', '0', '1', null, null, null, null, null, '2', 'KH598803', '1', '2018-02-28 14:30:22', '2018-02-28 14:34:10', '1', null);
INSERT INTO books VALUES ('152', 'HT000152', 'Duong Dang', '+8423456787654', '1', '440000', null, null, null, null, '00:00:07', '2018-02-28', '1', 'Hoàn Kiếm, Hà Nội, Việt Nam', 'facebook', 'asdasdsfg', null, null, '1', '0', '1', null, null, null, null, null, '2', 'KH598803', '1', '2018-02-28 14:33:02', '2018-02-28 14:34:03', '1', null);
INSERT INTO books VALUES ('153', 'HT000153', 'Đức Phạm', '+84968125894', '1', '440000', null, null, null, null, '15:10:00', '2018-02-28', '1', 'Khánh Hòa, Việt Nam', 'facebook', 'facebook', 'note', 'Micken', '1', '0', '1', null, null, null, null, null, '2', 'KH361057', '1', '2018-02-28 15:14:03', '2018-02-28 15:14:03', '0', null);
INSERT INTO books VALUES ('154', 'HT000154', 'Carl Johnson', '+3432453452', '1', '440000', null, null, null, null, '15:15:00', '2018-03-01', '1', 'Hoàn Kiếm, Hà Nội, Việt Nam', 'facebook', null, null, null, '1', '0', '1', null, null, null, null, null, '2', 'KH437254', '1', '2018-02-28 15:20:24', '2018-02-28 16:41:35', '1', null);
INSERT INTO books VALUES ('155', 'HT000155', 'a as', '+81', '1', '440000', null, null, null, null, '15:35:00', '2018-02-28', '1', 'An Giang, Việt Nam', 'facebook', 'a', 's', null, '1', '0', '1', null, null, null, null, null, '2', 'KH344138', '1', '2018-02-28 15:43:03', '2018-02-28 15:43:03', '0', null);
INSERT INTO books VALUES ('156', 'HT000156', 'mai Chu', '+968', '0', '440000', '16:05:00', '2018-02-28', 'Khách Sạn Tân Sơn Nhất, phường 8, Hồ Chí Minh, Việt Nam', '2', null, null, null, null, 'facebook', null, null, null, '1', '0', '1', null, null, null, null, null, '2', 'KH819770', '1', '2018-02-28 16:11:59', '2018-02-28 16:13:03', '1', null);
INSERT INTO books VALUES ('157', 'HT000157', 'Mai Ngọc', '+81', '1', '440000', null, null, null, null, '11:00:00', '2018-02-28', '1', 'Khách sạn Hà Nội Daewoo, Kim Mã, Ngọc Khánh, Ba Đình, Hà Nội, Việt Nam', 'Zalo', '0123485923', null, null, '1', '0', '1', null, null, null, null, null, '2', 'KH336330', '1', '2018-02-28 16:22:19', '2018-02-28 16:22:50', '1', null);
INSERT INTO books VALUES ('158', 'HT000158', 'pham duc', '+81', '1', '440000', null, null, null, null, '16:05:00', '2018-02-28', '1', 'An Giang, Việt Nam', 'facebook', 'a', null, null, '1', '0', '1', null, null, null, null, null, '2', 'KH344138', '1', '2018-02-28 16:35:29', '2018-03-01 14:22:12', '1', null);
INSERT INTO books VALUES ('159', 'HT000159', 'pham duc', '+81', '1', '440000', null, null, null, null, '16:40:00', '2018-02-28', '1', 'An Giang, Việt Nam', 'facebook', null, null, null, '1', '0', '1', null, null, null, null, null, '2', 'KH344138', '1', '2018-02-28 16:43:43', '2018-02-28 16:44:34', '1', null);
INSERT INTO books VALUES ('160', 'HT000160', 'Henry Jack', '+84968125894', '1', '440000', null, null, null, null, '17:40:00', '2018-02-28', '1', 'An Giang, Việt Nam', 'WhatsApp', 'whatapp', 'note', 'Micke', '1', '0', '1', null, null, null, null, null, '2', 'KH344138', '1', '2018-02-28 17:49:38', '2018-03-01 10:59:58', '1', 'LD560');
INSERT INTO books VALUES ('161', 'HT000161', 'Henry Jack', '+84968125894', '1', '440000', null, null, null, null, '18:05:00', '2018-02-28', '1', 'An Giang, Việt Nam', 'LINE', 'line', 'note', 'Micken', '1', '0', '1', null, null, null, null, null, '2', 'KH344138', '1', '2018-02-28 18:07:16', '2018-03-01 10:59:55', '1', 'LD 560');
INSERT INTO books VALUES ('162', 'HT000162', 'Henry Jack', '+84968125894', '2', '880000', '18:10:00', '2018-02-28', 'An Giang, Việt Nam', '2', '18:10:00', '2018-02-28', '1', 'An Giang, Việt Nam', 'Viber', 'viber', 'noe', 'Micken', '1', '0', '1', null, null, null, null, null, '2', 'KH344138', '1', '2018-02-28 18:11:37', '2018-03-01 10:59:53', '1', 'LD560');
INSERT INTO books VALUES ('163', 'HT000163', 'Henry Jack', '+84968125894', '1', '440000', null, null, null, null, '08:40:00', '2018-03-01', '1', 'Khách Sạn Tân Sơn Nhất, phường 8, Hồ Chí Minh, Việt Nam', 'WeChat', 'webchat', 'note', 'Micken', '1', '0', '1', null, null, null, null, null, '2', 'KH344138', '2', '2018-03-01 08:44:39', '2018-03-01 09:14:36', '1', 'LD3678');
INSERT INTO books VALUES ('164', 'HT000164', 'Mai Nguyễn', '+84 912020056', '1', '440000', null, null, null, null, '10:00:00', '2018-03-01', '1', 'Khách sạn Hà Nội Daewoo, Kim Mã, Ngọc Khánh, Ba Đình, Hà Nội, Việt Nam', 'Viber', '0987654321', 'k', 'k', '1', '0', '1', null, null, null, null, null, '2', 'KH742102', '1', '2018-03-01 08:45:02', '2018-03-01 08:45:38', '1', 'CB009');
INSERT INTO books VALUES ('165', 'HT000165', 'Phương Hoàng', '+81 0968448333', '0', '550000', '10:00:00', '2018-03-02', 'Khách Sạn Tân Sơn Nhất, phường 8, Hồ Chí Minh, Việt Nam', '2', null, null, null, null, 'WhatsApp', '0123456789', 'k', 'k', '1', '0', '1', null, null, null, null, null, '3', 'KH742102', '2', '2018-03-01 08:53:23', '2018-03-01 08:53:23', '0', 'C00002');
INSERT INTO books VALUES ('166', 'HT000166', 'Mai Ngọc', '+61 987348293', '2', '1800000', '15:00:00', '2018-03-01', 'Khánh Hòa, Việt Nam', '2', '14:00:00', '2018-03-01', '1', 'Khách sạn Hà Nội Daewoo, Kim Mã, Ngọc Khánh, Ba Đình, Hà Nội, Việt Nam', 'WeChat', '0987223123', 'k', 'k', '1', '0', '1', null, null, null, null, null, '4', 'KH742102', '2', '2018-03-01 08:59:50', '2018-03-01 09:00:29', '1', '123');
INSERT INTO books VALUES ('167', 'HT000167', 'mai ngọc', '+81', '2', '880000', '16:05:00', '2018-03-01', 'Khánh Hòa, Việt Nam', '1', '04:05:00', '2018-03-01', '2', 'Tân Bình, Hồ Chí Minh, Việt Nam', 'phone', '09873222222', null, null, '1', '0', '1', null, null, null, null, null, '2', 'KH742102', '2', '2018-03-01 09:05:57', '2018-03-01 09:05:57', '0', '123');
INSERT INTO books VALUES ('168', 'HT000168', 'A BCAn', '+8500987654', '1', '440000', null, null, null, null, '10:20:00', '2018-03-01', '1', 'Hồng Hà, Hoàn Kiếm, Hà Nội, Việt Nam', 'facebook', null, 'kajfs', 'jhfja', '3', '0', '0', null, null, null, null, null, '2', 'KH205960', '1', '2018-03-01 10:38:00', '2018-03-01 10:38:00', '0', 'AB 111');
INSERT INTO books VALUES ('169', 'HT000169', 'Q A', '+81', '1', '440000', null, null, null, null, '10:40:00', '2018-03-01', '1', 'Hải Phòng, Việt Nam', 'facebook', null, null, null, '1', '0', '1', null, null, null, null, null, '2', 'KH813555', '1', '2018-03-01 10:41:11', '2018-03-01 10:41:11', '0', 'AF');
INSERT INTO books VALUES ('170', 'HT000170', 'A B', '+81', '1', '440000', null, null, null, null, '09:40:00', '2018-03-01', '1', 'Hải Âu Mũi Né Beach Resort & Spa, Huỳnh Thúc Kháng, khu phố 4, Hàm Tiến, Thành phố Phan Thiết, Bình Thuận, Việt Nam', 'facebook', null, null, null, '1', '0', '1', null, null, null, null, null, '2', 'KH167912', '1', '2018-03-01 10:42:46', '2018-03-01 10:42:46', '0', 'LD 111');
INSERT INTO books VALUES ('171', 'HT000171', 'Chu Mai', '+84 09863554154', '1', '440000', null, null, null, null, '10:00:00', '2018-03-10', '2', 'Khách Sạn Tân Sơn Nhất, phường 8, Hồ Chí Minh, Việt Nam', 'Zalo', '0984331234', null, null, '3', '0', '0', null, null, null, null, null, '2', 'KH742102', '1', '2018-03-01 10:50:16', '2018-03-01 10:55:31', '1', 'Cb008');
INSERT INTO books VALUES ('172', 'HT000172', 'Mai Chu', '+81 0936463632', '1', '440000', null, null, null, null, '10:00:00', '2018-03-10', '2', 'Khách Sạn Tân Sơn Nhất, phường 8, Hồ Chí Minh, Việt Nam', 'Zalo', '0984331234', null, null, '1', '0', '1', null, null, null, null, null, '2', 'KH742102', '1', '2018-03-01 10:53:03', '2018-03-01 10:55:49', '1', 'Cb008');
INSERT INTO books VALUES ('173', 'HT000173', 'Loan Nguyễn', '+81', '1', '550000', null, null, null, null, '10:00:00', '2018-03-15', '1', 'Khách sạn Hà Nội Daewoo, Kim Mã, Ngọc Khánh, Ba Đình, Hà Nội, Việt Nam', 'LINE', '0984331234', null, null, '1', '0', '1', null, null, null, null, null, '3', 'KH742102', '2', '2018-03-01 10:58:27', '2018-03-01 10:59:11', '1', 'Cb007');
INSERT INTO books VALUES ('174', 'HT000174', 'A B', '+81', '1', '440000', null, null, null, null, '10:50:00', '2018-03-01', '1', 'Hải Châu, Đà Nẵng, Việt Nam', 'facebook', null, null, null, '3', '0', '0', null, null, null, null, null, '2', 'KH205960', '1', '2018-03-01 11:10:50', '2018-03-01 11:19:26', '1', 'AK');
INSERT INTO books VALUES ('175', 'HT000175', 'Hồng Ngọc', '+850', '1', '900000', null, null, null, null, '11:15:00', '2018-03-01', '1', 'Khách sạn Hà Nội Daewoo, Kim Mã, Ngọc Khánh, Ba Đình, Hà Nội, Việt Nam', 'Zalo', '0987339212', null, null, '1', '0', '1', null, null, null, null, null, '4', 'KH742102', '2', '2018-03-01 11:18:34', '2018-03-01 11:19:18', '1', 'CB222');
INSERT INTO books VALUES ('176', 'HT000176', 'fasf fasf', '+84968125894', '1', '440000', null, null, null, null, '12:45:00', '2018-03-01', '1', 'Hồ Chí Minh, Việt Nam', 'facebook', 'fasf', 'fasf', 'fasf', '1', '0', '1', null, null, null, null, null, '2', 'KH344138', '1', '2018-03-01 12:47:07', '2018-03-01 12:47:07', '0', 'asdas');
INSERT INTO books VALUES ('177', 'HT000177', 'Ngọc Hoàng', '+856 9200000022', '1', '440000', null, null, null, null, '15:00:00', '2018-03-03', '1', '91 Cầu Giấy, Quan Hoa, Cầu Giấy, Hà Nội, Việt Nam', 'WhatsApp', '0912040056', 'k', 'k', '1', '0', '1', null, null, null, null, null, '2', 'KH742102', '2', '2018-03-01 13:39:41', '2018-03-01 14:07:37', '1', 'm001');
INSERT INTO books VALUES ('178', 'HT000178', 'Hoa Hoàng', '+856 982737732', '1', '440000', null, null, null, null, '11:00:00', '2018-03-03', '1', 'Khách sạn Hà Nội Daewoo, Kim Mã, Ngọc Khánh, Ba Đình, Hà Nội, Việt Nam', 'facebook', 'fb.com', 'kk', 'k', '1', '0', '1', null, null, null, null, null, '2', 'KH489769', '2', '2018-03-01 13:43:06', '2018-03-01 13:43:06', '0', '123');
INSERT INTO books VALUES ('179', 'HT000179', 'Linh Nguyễn', '+84 091288342', '2', '1800000', '20:00:00', '2018-03-15', 'Khách Sạn Tân Sơn Nhất, phường 8, Hồ Chí Minh, Việt Nam', '2', '07:00:00', '2018-03-01', '1', 'Khách sạn Hà Nội Daewoo, Kim Mã, Ngọc Khánh, Ba Đình, Hà Nội, Việt Nam', 'Viber', '0868334592', 'k', 'k', '1', '0', '1', null, null, null, null, null, '4', 'KH499831', '2', '2018-03-01 13:51:53', '2018-03-01 14:06:48', '1', 'B0003');
INSERT INTO books VALUES ('180', 'HT000180', 'Nam Nguyễn', '+84 0987882993', '0', '550000', '13:00:00', '2018-03-13', 'Khách Sạn Tân Sơn Nhất, phường 8, Hồ Chí Minh, Việt Nam', '2', null, null, null, null, 'Zalo', '0912020081', '1', null, '1', '0', '1', null, null, null, null, null, '3', 'KH742102', '1', '2018-03-01 14:01:33', '2018-03-01 14:06:45', '1', 'MS009');
INSERT INTO books VALUES ('181', 'HT000181', 'pham duc', '+81', '1', '440000', null, null, null, null, '14:05:00', '2018-03-01', '1', 'An Giang, Việt Nam', 'facebook', null, null, null, '1', '0', '1', null, null, null, null, null, '2', 'KH344138', '1', '2018-03-01 14:06:20', '2018-03-01 14:06:35', '1', 'adasd');
INSERT INTO books VALUES ('182', 'HT000182', 'pham duc', '+81', '1', '440000', null, null, null, null, '14:05:00', '2018-03-01', '1', 'An Giang, Việt Nam', 'facebook', null, null, null, '1', '0', '1', null, null, null, null, null, '2', 'KH344138', '1', '2018-03-01 14:07:27', '2018-03-01 14:07:27', '0', 'adasd');
INSERT INTO books VALUES ('183', 'HT000183', 'pham duc', '+81', '1', '440000', null, null, null, null, '14:05:00', '2018-03-01', '1', 'An Giang, Việt Nam', 'facebook', null, null, null, '1', '0', '1', null, null, null, null, null, '2', 'KH344138', '1', '2018-03-01 14:07:46', '2018-03-01 14:10:14', '1', 'adasd');
INSERT INTO books VALUES ('184', 'HT000184', 'pham duc', '+81', '1', '440000', null, null, null, null, '14:05:00', '2018-03-01', '1', 'An Giang, Việt Nam', 'facebook', null, null, null, '1', '0', '1', null, null, null, null, null, '2', 'KH344138', '1', '2018-03-01 14:08:13', '2018-03-01 14:10:10', '1', 'a');
INSERT INTO books VALUES ('185', 'HT000185', 'Mai Ngọc', '+84 0912030056', '1', '440000', null, null, null, null, '07:00:00', '2018-03-01', '1', 'Khách sạn Hà Nội Daewoo, Kim Mã, Ngọc Khánh, Ba Đình, Hà Nội, Việt Nam', 'facebook', 'fb.com', null, null, '1', '0', '1', null, null, null, null, null, '2', 'KH742102', '1', '2018-03-01 14:10:30', '2018-03-01 14:20:38', '1', '123');
INSERT INTO books VALUES ('186', 'HT000186', 'Mai Chu', '+81 123333333', '0', '440000', '14:10:00', '2018-03-01', 'Khách Sạn Tân Sơn Nhất, phường 8, Hồ Chí Minh, Việt Nam', '2', null, null, null, null, 'facebook', 'fb.com', null, null, '1', '0', '1', null, null, null, null, null, '2', 'KH742102', '2', '2018-03-01 14:11:51', '2018-03-01 14:11:51', '0', 'c11');
INSERT INTO books VALUES ('187', 'HT000187', 'Mai Chu', '+81 123333333', '0', '440000', '14:10:00', '2018-03-01', 'Khách Sạn Tân Sơn Nhất, phường 8, Hồ Chí Minh, Việt Nam', '2', null, null, null, null, 'facebook', 'fb.com', null, null, '1', '0', '1', null, null, null, null, null, '2', 'KH742102', '2', '2018-03-01 14:13:05', '2018-03-01 14:13:05', '0', 'c11');
INSERT INTO books VALUES ('188', 'HT000188', 'q q', '+81', '0', '440000', '14:10:00', '2018-03-01', 'Khách Sạn Tân Sơn Nhất, phường 8, Hồ Chí Minh, Việt Nam', '2', null, null, null, null, 'facebook', null, null, null, '1', '0', '1', null, null, null, null, null, '2', 'KH742102', '1', '2018-03-01 14:14:05', '2018-03-01 14:14:05', '0', 'M01');
INSERT INTO books VALUES ('189', 'HT000189', 'Mai Chu', '+81', '0', '440000', '14:10:00', '2018-03-01', 'Khách Sạn Tân Sơn Nhất, phường 8, Hồ Chí Minh, Việt Nam', '2', null, null, null, null, 'facebook', null, null, null, '1', '0', '1', null, null, null, null, null, '2', 'KH742102', '1', '2018-03-01 14:15:42', '2018-03-01 14:22:04', '1', '123');
INSERT INTO books VALUES ('190', 'HT000190', 'Mai Ngọc', '+84 09129922311', '2', '880000', '15:15:00', '2018-03-27', 'Khách Sạn Tân Sơn Nhất, phường 8, Hồ Chí Minh, Việt Nam', '2', '14:15:00', '2018-03-01', '1', 'Khách sạn Hà Nội Daewoo, Kim Mã, Ngọc Khánh, Ba Đình, Hà Nội, Việt Nam', 'phone', '09876555555', null, null, '1', '0', '1', null, null, null, null, null, '2', 'KH742102', '2', '2018-03-01 14:18:53', '2018-03-01 14:21:06', '1', 'Cb78');
INSERT INTO books VALUES ('191', 'HT000191', 'Ngọc Trần', '+850 0123456789', '0', '440000', '05:15:00', '2018-03-14', 'Khách sạn Hà Nội Daewoo, Kim Mã, Ngọc Khánh, Ba Đình, Hà Nội, Việt Nam', '1', null, null, null, null, 'WhatsApp', '0912020083', 'k', 'k', '3', '0', '0', null, null, null, null, null, '2', 'KH742102', '1', '2018-03-01 14:21:05', '2018-03-01 14:21:05', '0', '123');
INSERT INTO books VALUES ('192', 'HT000192', '1 1', '+81', '0', '440000', '05:15:00', '2018-03-14', 'Khách sạn Hà Nội Daewoo, Kim Mã, Ngọc Khánh, Ba Đình, Hà Nội, Việt Nam', '1', null, null, null, null, 'facebook', null, null, null, '3', '0', '0', null, null, null, null, null, '2', 'KH707319', '1', '2018-03-01 14:24:15', '2018-03-01 14:24:15', '0', '123');
INSERT INTO books VALUES ('193', 'HT000193', '2 2', '+81', '1', '440000', null, null, null, null, '14:25:00', '2018-03-01', '1', '129 Cầu Giấy, Yên Hoà, Cầu Giấy, Hà Nội, Việt Nam', 'facebook', null, null, null, '3', '1', '1', 'HT000193', 'QT', '2018-03-01T14:27:34Z', 'f7a663da20404d089860b0618f397db1', '00', '2', 'KH633975', '1', '2018-03-01 14:26:53', '2018-03-01 14:27:34', '0', '123');
INSERT INTO books VALUES ('194', 'HT000194', 'Nam Trần', '+84 1648729942', '0', '440000', '20:30:00', '2018-03-01', 'Khách sạn Hà Nội Daewoo, Kim Mã, Ngọc Khánh, Ba Đình, Hà Nội, Việt Nam', '1', null, null, null, null, 'WhatsApp', '0987652234', 'k', 'k', '3', '1', '0', 'HT000194', 'QT', '2018-03-01T14:41:14Z', '30310a925d7b422f93f86c216ddae19f', '00', '2', 'KH742102', '2', '2018-03-01 14:40:17', '2018-03-01 15:43:42', '1', '123');
INSERT INTO books VALUES ('195', 'HT000195', 'Hùng Trần', '+84 928387821', '2', '1800000', '15:00:00', '2018-03-10', 'Khách Sạn Tân Sơn Nhất, phường 8, Hồ Chí Minh, Việt Nam', '2', '10:00:00', '2018-03-05', '1', 'Khách sạn Hà Nội Daewoo, Kim Mã, Ngọc Khánh, Ba Đình, Hà Nội, Việt Nam', 'facebook', 'fb.com', 'k', 'k', '3', '1', '2', 'HT000195', 'QT', '2018-03-01T14:46:51Z', 'f137cd86aa494af194f019ae7291448b', '00', '4', 'KH742102', '2', '2018-03-01 14:43:53', '2018-03-01 15:43:39', '1', 'CB008');
INSERT INTO books VALUES ('196', 'HT000196', 'Hạnh Hồng', '+84 1648175094', '1', '900000', null, null, null, null, '15:25:00', '2018-03-01', '1', '129 Cầu Giấy, Yên Hoà, Cầu Giấy, Hà Nội, Việt Nam', 'Zalo', '0123450072', 'k', 'k', '1', '1', '2', null, null, null, null, null, '4', 'KH742102', '1', '2018-03-01 15:28:45', '2018-03-01 15:43:34', '1', 'CB003');
INSERT INTO books VALUES ('197', 'HT000197', 'Mạnh Hoàng', '+850 0002', '1', '550000', null, null, null, null, '08:00:00', '2018-03-12', '2', 'Quan 1, Phường 15, Bình Thạnh, Hồ Chí Minh, Việt Nam', 'Viber', '0123999292', 'k', 'k', '3', '1', '0', 'HT000197', 'QT', '2018-03-01T15:38:46Z', '3124069ef8ff4147ab3d1dc9020729f6', '00', '3', 'KH742102', '2', '2018-03-01 15:38:07', '2018-03-19 15:55:58', '1', 'CB003');
INSERT INTO books VALUES ('198', 'HT000198', 'Long Nguyễn', '+81123', '0', '440000', '18:00:00', '2018-03-01', '2 Cầu Giấy, Dịch Vọng, Cầu Giấy, Hà Nội, Việt Nam', '1', null, null, null, null, 'facebook', 'fb.com', 'k', 'k', '1', '0', '1', null, null, null, null, null, '2', 'KH742102', '2', '2018-03-01 15:51:57', '2018-03-01 15:54:14', '1', 'LD 002');
INSERT INTO books VALUES ('199', 'HT000199', 'Linh Trần', '+84 1648729942', '0', '900000', '08:30:00', '2018-03-10', 'Khách Sạn Tân Sơn Nhất, phường 8, Hồ Chí Minh, Việt Nam', '2', null, null, null, null, 'phone', '0123456789', null, null, '1', '0', '1', null, null, null, null, null, '4', 'KH742102', '2', '2018-03-01 15:56:46', '2018-03-01 15:57:32', '1', 'CB004');
INSERT INTO books VALUES ('200', 'HT000200', 'Nhung Hồng', '+856 82727727111', '2', '1100000', '05:00:00', '2018-03-20', '92A Hai Bà Trưng, Cửa Nam, Hoàn Kiếm, Hà Nội, Việt Nam', '1', '15:00:00', '2018-03-01', '1', 'Khách sạn Hà Nội Daewoo, Kim Mã, Ngọc Khánh, Ba Đình, Hà Nội, Việt Nam', 'LINE', '0988277731', 'k', 'k', '1', '0', '0', null, null, null, null, null, '3', 'KH742102', '2', '2018-03-01 16:09:14', '2018-03-19 15:55:53', '1', 'B887');
INSERT INTO books VALUES ('201', 'HT000201', 'Hòa Nguyễn', '+850 827373721', '2', '880000', '16:00:00', '2018-03-14', 'Khách Sạn Tân Sơn Nhất, phường 8, Hồ Chí Minh, Việt Nam', '2', '09:35:00', '2018-03-04', '2', 'Khách Sạn Tân Sơn Nhất, phường 8, Hồ Chí Minh, Việt Nam', 'facebook', 'fb.com', null, null, '3', '0', '0', null, null, null, null, null, '2', 'KH742102', '1', '2018-03-01 16:14:49', '2018-03-19 15:55:30', '1', 'L0009');
INSERT INTO books VALUES ('202', 'HT000202', 'Henry Jack', '+81', '1', '440000', null, null, null, null, '16:00:00', '2018-03-10', '2', 'Hotel Majestic, Đồng Khởi, Bến Nghé, Quận 1, Hồ Chí Minh, Việt Nam', 'facebook', 'Fb.com', 'K', 'K', '1', '0', '1', null, null, null, null, null, '2', 'KH742102', '1', '2018-03-01 16:22:37', '2018-03-01 16:22:37', '0', '1213');
INSERT INTO books VALUES ('203', 'HT000203', 'Trung Hoàng', '+81 98734929291', '1', '550000', null, null, null, null, '10:30:00', '2018-03-02', '2', 'Quan 1, Phường 15, Bình Thạnh, Hồ Chí Minh, Việt Nam', 'LINE', '0912300202', 'k', 'k', '1', '0', '1', null, null, null, null, null, '3', 'KH819238', '2', '2018-03-01 16:24:27', '2018-03-01 16:26:09', '1', 'M01');
INSERT INTO books VALUES ('204', 'HT000204', 'Thanh Trần', '+84 01647772821', '0', '440000', '10:00:00', '2018-03-14', 'Thanh Xuân, Hà Nội, Việt Nam', '1', null, null, null, null, 'Zalo', '01238882932', 'k', 'k', '1', '0', '1', null, null, null, null, null, '2', 'KH210213', '2', '2018-03-01 16:27:21', '2018-03-01 16:28:05', '1', '123333');
INSERT INTO books VALUES ('205', 'HT000205', 'Hùng Trần', '+84 09283883', '0', '440000', '08:30:00', '2018-03-21', '124 Hai Bà Trưng, Cửa Nam, Hoàn Kiếm, Hà Nội, Việt Nam', '1', null, null, null, null, 'facebook', 'fb.com', 'k', 'k', '1', '0', '1', null, null, null, null, null, '2', 'KH516873', '2', '2018-03-01 16:39:11', '2018-03-01 16:39:56', '1', 'B0921');
INSERT INTO books VALUES ('206', 'HT000206', 'Mai Nguyễn', '+81', '1', '440000', null, null, null, null, '16:40:00', '2018-03-01', '2', 'Khách Sạn Tân Sơn Nhất, phường 8, Hồ Chí Minh, Việt Nam', 'phone', '01238888999', null, null, '1', '0', '1', null, null, null, null, null, '2', 'KH516873', '1', '2018-03-01 16:41:39', '2018-03-01 16:41:39', '0', '555');
INSERT INTO books VALUES ('207', 'HT000207', 'Nam Cu', '+84 983603108', '0', '550000', '10:30:00', '2018-03-05', '14 Lương Văn Can, Hàng Đào, Hoàn Kiếm, Hà Nội, Việt Nam', '1', null, null, null, null, 'Zalo', '+84983603108', null, null, '1', '0', '1', null, null, null, null, null, '3', 'KH212335', '1', '2018-03-04 08:59:18', '2018-03-04 08:59:18', '0', 'Vn336');
INSERT INTO books VALUES ('208', 'HT000208', 'Nam Teo', '+81', '1', '550000', null, null, null, null, '21:50:00', '2018-03-06', '1', '142 Hoàng Mai, Hoàng Văn Thụ, Hoàng Mai, Hà Nội, Việt Nam', 'WeChat', null, null, null, '1', '0', '1', null, null, null, null, null, '3', 'KH597928', '1', '2018-03-06 22:23:14', '2018-03-06 22:23:14', '0', 'VJ847');
INSERT INTO books VALUES ('209', 'HT000209', 'Hanh Le', '+84', '1', '440000', null, null, null, null, '22:00:00', '2018-03-08', '1', 'Church Boutique Hotel, Hàng Đào, Hoàn Kiếm, Hà Nội, Việt Nam', 'phone', '0906075525', 'Test', null, '1', '0', '1', null, null, null, null, null, '2', 'KH678973', '1', '2018-03-06 22:24:01', '2018-03-06 22:24:01', '0', '12345');
INSERT INTO books VALUES ('210', 'HT000210', 'Hanh Le', '+84', '1', '440000', null, null, null, null, '22:25:00', '2018-03-08', '1', 'Church Boutique Hotel, Hàng Đào, Hoàn Kiếm, Hà Nội, Việt Nam', 'facebook', 'Abv', 'Test', 'Hanh Le', '3', '0', '0', null, null, null, null, null, '2', 'KH678973', '1', '2018-03-06 22:35:13', '2018-03-06 22:35:13', '0', 'Abv');
INSERT INTO books VALUES ('211', 'HT000211', 'Mickey Mark', '+81 983603108', '1', '440000', null, null, null, null, '17:35:00', '2018-03-08', '1', '149 Cầu Giấy, Quan Hoa, Cầu Giấy, Hà Nội, Việt Nam', 'facebook', 'Number, link or account...', 'Special requets or support...', 'Welcome Mr Mickey (VN646)', '1', '0', '1', null, null, null, null, null, '2', 'KH187399', '1', '2018-03-08 18:52:33', '2018-03-08 18:52:33', '0', 'VN646');
INSERT INTO books VALUES ('212', 'HT000212', 'Hanh Le', '+81', '1', '440000', null, null, null, null, '11:00:00', '2018-03-12', '1', 'Church Boutique Hotel, Hàng Đào, Hoàn Kiếm, Hà Nội, Việt Nam', 'facebook', null, null, null, '1', '0', '1', null, null, null, null, null, '2', 'KH678973', '1', '2018-03-10 11:05:52', '2018-03-10 11:05:52', '0', 'Abc');
INSERT INTO books VALUES ('213', 'HT000213', 'Anh CD B', '+850', '1', '440000', null, null, null, null, '10:35:00', '2018-03-12', '1', 'KHÁCH SẠN HẢI HÀ (HẢI HÀ HOTEL), Trần Bình Trọng, Lê Lợi, 590000, Bình Định, Việt Nam', 'Viber', null, 'ABC', null, '3', '0', '0', null, null, null, null, null, '2', 'KH870007', '1', '2018-03-12 08:42:38', '2018-03-12 08:42:38', '0', 'AC');
INSERT INTO books VALUES ('214', 'HT000214', '1 1', '+81', '1', '440000', null, null, null, null, '08:45:00', '2018-03-12', '1', 'Kiên Giang, Việt Nam', 'facebook', null, null, null, '3', '0', '0', null, null, null, null, null, '2', 'KH707319', '1', '2018-03-12 09:40:13', '2018-03-12 09:40:13', '0', '1');
INSERT INTO books VALUES ('215', 'HT000215', 'qư ư', '+84 123456789', '1', '440000', null, null, null, null, '09:25:00', '2018-03-12', '1', 'Kinh Dương Vương, Quận 6, Hồ Chí Minh, Việt Nam', 'facebook', null, null, null, '1', '0', '1', null, null, null, null, null, '2', 'KH344138', '1', '2018-03-12 10:12:15', '2018-03-12 10:12:15', '0', '123');
INSERT INTO books VALUES ('216', 'HT000216', 'pham duc', '+81', '1', '440000', null, null, null, null, '14:00:00', '2018-03-12', '1', 'An Giang, Việt Nam', 'facebook', null, null, null, '3', '0', '0', null, null, null, null, null, '2', 'KH344138', '1', '2018-03-12 14:45:02', '2018-03-12 14:45:02', '0', 'LD560');
INSERT INTO books VALUES ('217', 'ET000217', 'Henry Jack', '+84968125894', '1', '440000', null, null, null, null, '14:50:00', '2018-03-12', '1', 'An Giang, Việt Nam', 'facebook', 'facebook', 'note cho tai xe', 'Micken', '1', '0', '1', null, null, null, null, null, '2', 'KH344138', '1', '2018-03-12 14:55:01', '2018-03-12 14:55:01', '0', 'LD 506');
INSERT INTO books VALUES ('218', 'ET000218', 'pham duc', '+84968125894', '1', '440000', null, null, null, null, '14:55:00', '2018-03-12', '1', 'An Giang, Việt Nam', 'phone', '0968125894', 'can noi tieng anh', 'micken', '1', '0', '1', null, null, null, null, null, '2', 'KH344138', '1', '2018-03-12 14:58:33', '2018-03-12 14:58:33', '0', 'LD1230');
INSERT INTO books VALUES ('219', 'ET000219', 'pham duc', '+84968125894', '1', '440000', null, null, null, null, '15:00:00', '2018-03-12', '1', 'An Giang, Việt Nam', 'phone', 'link facebook', 'Note', null, '1', '0', '1', null, null, null, null, null, '2', 'KH344138', '1', '2018-03-12 15:00:36', '2018-03-12 15:00:36', '0', 'LD560');
INSERT INTO books VALUES ('220', 'ET000220', 'pham duc', '+81', '1', '440000', null, null, null, null, '15:00:00', '2018-03-12', '1', 'An Giang, Việt Nam', 'facebook', null, null, null, '1', '0', '1', null, null, null, null, null, '2', 'KH344138', '1', '2018-03-12 15:02:44', '2018-03-12 15:02:44', '0', 'LD560');
INSERT INTO books VALUES ('221', 'ET000221', 'pham duc', '+81', '1', '440000', null, null, null, null, '15:00:00', '2018-03-12', '1', 'An Giang, Việt Nam', 'facebook', null, null, null, '1', '0', '1', null, null, null, null, null, '2', 'KH344138', '1', '2018-03-12 15:04:22', '2018-03-12 15:04:22', '0', 'LD560');
INSERT INTO books VALUES ('222', 'ET000222', 'Chu Mai', '+84', '1', '440000', null, null, null, null, '15:30:00', '2018-03-13', '1', 'Khách sạn Hilton, Phan Chu Trinh, Hà Nội, Việt Nam', 'facebook', '0987777777', 'K', 'K', '1', '0', '1', null, null, null, null, null, '2', 'KH742102', '1', '2018-03-12 15:15:42', '2018-03-12 15:15:43', '0', 'LD 650');
INSERT INTO books VALUES ('223', 'ET000223', 'pham duc', '968125444', '1', '440000', null, null, null, null, '15:05:00', '2018-03-12', '1', 'An Giang, Việt Nam', 'facebook', null, 'Note', null, '1', '0', '1', null, null, null, null, null, '2', 'KH660276', '1', '2018-03-12 15:31:26', '2018-03-12 15:31:26', '0', 'LD560');
INSERT INTO books VALUES ('224', 'ET000224', 'Chu Mai', '+81', '2', '880000', '19:00:00', '2018-03-15', 'Khách Sạn Tân Sơn Nhất, phường 8, Hồ Chí Minh, Việt Nam', '2', '15:15:00', '2018-03-12', '1', 'Hà Nội Tower, Hai Bà Trưng, Trần Hưng Đạo, Hoàn Kiếm, Hà Nội, Việt Nam', 'facebook', 'Fb.com', 'K', null, '1', '0', '1', null, null, null, null, null, '2', 'KH742102', '2', '2018-03-12 15:31:27', '2018-03-12 15:52:52', '1', 'LD 102');
INSERT INTO books VALUES ('225', 'ET000225', 'd d', '+84198727222', '1', '440000', null, null, null, null, '15:35:00', '2018-03-12', '1', 'JW Marriott Phu Quoc Emerald Bay Resort & Spa, Bai Khem, Phu Quoc, An Thới, tỉnh Kiên Giang, Việt Nam', 'facebook', null, null, null, '1', '0', '1', null, null, null, null, null, '2', 'KH742102', '1', '2018-03-12 15:40:12', '2018-03-12 15:46:40', '1', '123');
INSERT INTO books VALUES ('226', 'ET000226', 'mi mai', '+81987654321', '1', '440000', null, null, null, null, '15:40:00', '2018-03-12', '1', 'Kinh Dương Vương, Quận 6, Hồ Chí Minh, Việt Nam', 'phone', '0987522222', null, null, '1', '0', '1', null, null, null, null, null, '2', 'KH742102', '1', '2018-03-12 15:46:12', '2018-03-12 15:46:27', '1', 'Cb009');
INSERT INTO books VALUES ('227', 'ET000227', 'Nhung Hoàng', '+85683228838392', '1', '440000', null, null, null, null, '10:00:00', '2018-03-20', '1', 'Khachsan Phú Nhuận 5 28 Ngõ 279 Giảng Võ, Giảng Võ, Cát Linh, Đống Đa, Hà Nội, Việt Nam', 'phone', '0981172293', 'Special requets or support', 'Welcome Mr Mickey (LD 506)', '1', '0', '1', null, null, null, null, null, '2', 'KH936515', '2', '2018-03-12 15:51:55', '2018-03-12 15:52:38', '1', 'CB0001');
INSERT INTO books VALUES ('228', 'ET000228', 'Mai Trần', '+7598273773721', '0', '440000', '15:50:00', '2018-03-12', 'Hàng Trống, Hoàn Kiếm, Hà Nội, Việt Nam', '1', null, null, null, null, 'Viber', '0123778928', 'Special requets or support', 'Welcome Mai', '1', '0', '1', null, null, null, null, null, '2', 'KH404373', '1', '2018-03-12 15:54:29', '2018-03-12 15:54:59', '1', 'CB0009');
INSERT INTO books VALUES ('229', 'ET000229', 'Mai Mai', '+81', '2', '880000', '15:35:00', '2018-03-12', 'Khách Sạn Tân Sơn Nhất, phường 8, Hồ Chí Minh, Việt Nam', '1', '15:35:00', '2018-03-12', '1', 'Hà Nội Tower, Hai Bà Trưng, Trần Hưng Đạo, Hoàn Kiếm, Hà Nội, Việt Nam', 'facebook', null, null, null, '1', '0', '1', null, null, null, null, null, '2', 'KH742102', '2', '2018-03-12 15:55:46', '2018-03-12 15:56:08', '1', '123');
INSERT INTO books VALUES ('230', 'ET000230', 'a b', '+84123456', '1', '440000', null, null, null, null, '16:25:00', '2018-03-15', '1', 'Church Boutique Hotel, Hàng Đào, Hoàn Kiếm, Hà Nội, Việt Nam', 'facebook', null, null, null, '3', '0', '0', null, null, null, null, null, '2', 'KH678973', '1', '2018-03-14 16:39:33', '2018-03-14 16:39:33', '0', '123');
INSERT INTO books VALUES ('231', 'ET000231', 'A B', '+84123456', '1', '440000', null, null, null, null, '10:45:00', '2018-03-15', '1', 'Church Boutique Hotel, Hàng Đào, Hoàn Kiếm, Hà Nội, Việt Nam', 'facebook', null, null, null, '3', '0', '0', null, null, null, null, null, '2', 'KH678973', '1', '2018-03-15 11:30:01', '2018-03-15 11:30:02', '0', 'Anc');
INSERT INTO books VALUES ('232', 'ET000232', 'pham duc', '+840968125894', '1', '440000', null, null, null, null, '16:30:00', '2018-03-15', '1', 'An Giang, Việt Nam', 'facebook', null, null, null, '1', '0', '1', null, null, null, null, null, '2', 'KH344138', '1', '2018-03-15 16:33:07', '2018-03-15 16:33:07', '0', 'LD 506');
INSERT INTO books VALUES ('233', 'ET000233', 'pham duc', '+840968125894', '1', '440000', null, null, null, null, '16:35:00', '2018-03-15', '1', 'An Giang, Việt Nam', 'facebook', null, null, null, '1', '0', '1', null, null, null, null, null, '2', 'KH344138', '1', '2018-03-15 16:35:35', '2018-03-15 16:35:35', '0', 'LD 506');
INSERT INTO books VALUES ('234', 'ET000234', 'Chu Mai', '+70928883833221', '1', '440000', null, null, null, null, '11:35:00', '2018-03-15', '1', 'Khách Sạn Tân Sơn Nhất, phường 8, Hồ Chí Minh, Việt Nam', 'facebook', 'fb.com', 'ko', 'ko', '3', '0', '0', null, null, null, null, null, '2', 'KH742102', '2', '2018-03-15 16:39:02', '2018-03-15 16:39:02', '0', 'LO0091');
INSERT INTO books VALUES ('235', 'ET000235', 'Chu Mai', '+84undefined', '1', '440000', null, null, null, null, '16:35:00', '2018-03-15', '2', 'Khách Sạn Tân Sơn Nhất, phường 8, Hồ Chí Minh, Việt Nam', 'facebook', 'fb.com', 'k', 'k', '3', '0', '0', null, null, null, null, null, '2', 'KH742102', '1', '2018-03-15 16:40:52', '2018-03-15 17:22:37', '1', 'Lg0021');
INSERT INTO books VALUES ('236', 'ET000236', 'a b', '+84undefined', '1', '440000', null, null, null, null, '16:35:00', '2018-03-15', '1', 'Church Boutique Hotel, Hàng Đào, Hoàn Kiếm, Hà Nội, Việt Nam', 'facebook', null, null, null, '1', '0', '1', null, null, null, null, null, '2', 'KH678973', '1', '2018-03-15 16:41:23', '2018-03-15 17:22:35', '1', 'abc');
INSERT INTO books VALUES ('237', 'ET000237', 'Mai Mai', '+84undefined', '1', '440000', null, null, null, null, '16:40:00', '2018-03-15', '1', 'Khánh Bình, Thị xã Tân Uyên, Bình Dương, Việt Nam', 'facebook', null, null, null, '3', '1', '0', 'ET000237', 'QT', '2018-03-15T16:43:21Z', '9bdeb2f100904c3c9ccacb96ccd21c8f', '00', '2', 'KH742102', '1', '2018-03-15 16:42:25', '2018-03-15 17:24:43', '1', '1');
INSERT INTO books VALUES ('238', 'ET000238', 'Mai Trần', '+84undefined', '1', '440000', null, null, null, null, '16:40:00', '2018-03-15', '2', 'Khắc Niệm, Thành phố Bắc Ninh, Bắc Ninh, Việt Nam', 'facebook', null, null, null, '1', '0', '1', null, null, null, null, null, '2', 'KH742102', '1', '2018-03-15 16:44:37', '2018-03-15 17:22:30', '1', '123');
INSERT INTO books VALUES ('239', 'ET000239', 'a b', '+84undefined', '1', '440000', null, null, null, null, '16:40:00', '2018-03-15', '1', 'Church Boutique Hotel, Hàng Đào, Hoàn Kiếm, Hà Nội, Việt Nam', 'facebook', null, null, null, '3', '0', '0', null, null, null, null, null, '2', 'KH678973', '1', '2018-03-15 16:48:36', '2018-03-15 17:22:28', '1', 'ah');
INSERT INTO books VALUES ('240', 'ET000240', 'b c', '+84undefined', '1', '440000', null, null, null, null, '16:40:00', '2018-03-15', '1', 'Church Boutique Hotel, Hàng Đào, Hoàn Kiếm, Hà Nội, Việt Nam', 'facebook', null, null, null, '1', '0', '1', null, null, null, null, null, '2', 'KH678973', '1', '2018-03-15 16:50:00', '2018-03-15 17:22:45', '1', 'abc');
INSERT INTO books VALUES ('241', 'ET000241', 'pham duc', '+840968125894', '1', '440000', null, null, null, null, '16:55:00', '2018-03-15', '1', 'An Giang, Việt Nam', 'facebook', null, null, null, '1', '0', '1', null, null, null, null, null, '2', 'KH344138', '1', '2018-03-15 16:57:45', '2018-03-15 17:21:53', '1', 'LD 506');
INSERT INTO books VALUES ('242', 'ET000242', 'Chu Mai', '+84undefined', '1', '440000', null, null, null, null, '16:55:00', '2018-03-15', '1', 'Khánh Hòa, Việt Nam', 'facebook', null, null, null, '1', '0', '0', null, null, null, null, null, '2', 'KH742102', '1', '2018-03-15 16:58:51', '2018-03-15 17:24:36', '1', '123');
INSERT INTO books VALUES ('243', 'ET000243', 'Mai Mai1', '+84undefined', '2', '880000', '16:55:00', '2018-03-15', 'Kinh Dương Vương, Quận 6, Hồ Chí Minh, Việt Nam', '1', '16:55:00', '2018-03-15', '1', 'Kinh Dương Vương, Quận 6, Hồ Chí Minh, Việt Nam', 'facebook', 'fb.com', null, null, '3', '1', '1', 'ET000243', 'QT', '2018-03-15T17:00:37Z', 'c01c4dbc3f4b47869573d583e5c35cb7', '00', '2', 'KH742102', '1', '2018-03-15 16:59:38', '2018-03-15 17:21:45', '1', '145');
INSERT INTO books VALUES ('244', 'ET000244', '1 1', '+841123', '1', '440000', null, null, null, null, '17:00:00', '2018-03-15', '1', 'A3 Điện Biên Phủ, Phường 25, Bình Thạnh, Hồ Chí Minh, Việt Nam', 'facebook', null, null, null, '1', '1', '2', null, null, null, null, null, '2', 'KH742102', '1', '2018-03-15 17:23:29', '2018-03-15 17:24:27', '1', '123');
INSERT INTO books VALUES ('245', 'ET000245', 'Anh van N', '+84undefined', '1', '440000', null, null, null, null, '12:20:00', '2018-03-20', '1', 'Hạ Hoà, Hạ Hòa, Phú Thọ, Việt Nam', 'facebook', null, null, null, '3', '0', '0', null, null, null, null, null, '2', 'KH044667', '1', '2018-03-20 12:24:18', '2018-03-20 12:24:18', '0', 'Ak11');
INSERT INTO books VALUES ('246', 'ET000246', 'ABC ABC', '+84undefined', '1', '900000', null, null, null, null, '16:40:00', '2018-03-27', '1', 'Hải Hậu, Nam Định, Việt Nam', 'phone', null, null, null, '3', '0', '0', null, null, null, null, null, '4', 'KH167912', '2', '2018-03-27 15:34:51', '2018-03-27 15:34:51', '0', 'VJ123');
INSERT INTO books VALUES ('247', 'ET000247', 'ABC ABC', '+84+84undefined', '1', '900000', null, null, null, null, '16:40:00', '2018-03-27', '1', 'Hải Hậu, Nam Định, Việt Nam', 'phone', null, null, null, '3', '0', '0', null, null, null, null, null, '4', 'KH167912', '2', '2018-03-27 15:34:56', '2018-03-27 15:34:56', '0', 'VJ123');
INSERT INTO books VALUES ('248', 'ET000248', 'ABC ABC', '+84+84+84undefined', '1', '900000', null, null, null, null, '16:40:00', '2018-03-27', '1', 'Hải Hậu, Nam Định, Việt Nam', 'phone', null, null, null, '3', '0', '0', null, null, null, null, null, '4', 'KH167912', '2', '2018-03-27 15:35:01', '2018-03-27 15:35:02', '0', 'VJ123');
INSERT INTO books VALUES ('249', 'ET000249', 'dsd dsad', '+840968125894', '1', '440000', null, null, null, null, '09:00:00', '2018-03-28', '1', 'An Giang, Việt Nam', 'facebook', 'da', 'dsd', null, '3', '0', '0', null, null, null, null, null, '2', 'KH344138', '1', '2018-03-28 09:05:17', '2018-03-28 09:05:17', '0', 'ld560');
INSERT INTO books VALUES ('250', 'ET000250', 'dsd dsad', '+84+840968125894', '1', '440000', null, null, null, null, '09:00:00', '2018-03-28', '1', 'An Giang, Việt Nam', 'facebook', 'da', 'dsd', null, '3', '0', '0', null, null, null, null, null, '2', 'KH344138', '1', '2018-03-28 09:05:25', '2018-03-28 09:05:25', '0', 'ld560');
INSERT INTO books VALUES ('251', 'ET000251', 'pham duc', '+84+84+840968125894', '1', '440000', null, null, null, null, '09:00:00', '2018-03-28', '1', 'An Giang, Việt Nam', 'facebook', null, null, null, '3', '0', '0', null, null, null, null, null, '2', 'KH344138', '1', '2018-03-28 09:09:50', '2018-03-28 09:09:50', '0', 'asd');
INSERT INTO books VALUES ('252', 'ET000252', 'pham duc', '+84+84+84+840968125894', '1', '440000', null, null, null, null, '09:00:00', '2018-03-28', '1', 'An Giang, Việt Nam', 'facebook', null, null, null, '3', '0', '0', null, null, null, null, null, '2', 'KH344138', '1', '2018-03-28 09:10:56', '2018-03-28 09:10:56', '0', 'asd');
INSERT INTO books VALUES ('253', 'ET000253', 'pham duc', '+84+84+84+84+840968125894', '1', '440000', null, null, null, null, '09:00:00', '2018-03-28', '1', 'An Giang, Việt Nam', 'facebook', null, null, null, '3', '0', '0', null, null, null, null, null, '2', 'KH344138', '1', '2018-03-28 09:11:55', '2018-03-28 09:11:55', '0', 'asd');
INSERT INTO books VALUES ('254', 'ET000254', 'pham duc', '+84+84+84+84+84+840968125894', '1', '440000', null, null, null, null, '09:00:00', '2018-03-28', '1', 'An Giang, Việt Nam', 'facebook', null, null, null, '3', '0', '0', null, null, null, null, null, '2', 'KH344138', '1', '2018-03-28 09:12:26', '2018-03-28 09:12:26', '0', 'asd');
INSERT INTO books VALUES ('255', 'ET000255', 'pham duc', '+840968125894', '1', '440000', null, null, null, null, '10:20:00', '2018-03-28', '1', 'An Giang, Việt Nam', 'facebook', null, null, null, '3', '0', '0', null, null, null, null, null, '2', 'KH344138', '1', '2018-03-28 10:22:26', '2018-03-28 10:22:26', '0', 'LD 509');
INSERT INTO books VALUES ('256', 'ET000256', 'pham duc', '+84+840968125894', '1', '440000', null, null, null, null, '10:20:00', '2018-03-28', '1', 'An Giang, Việt Nam', 'facebook', null, null, null, '3', '0', '0', null, null, null, null, null, '2', 'KH344138', '1', '2018-03-28 10:22:31', '2018-03-28 10:22:31', '0', 'LD 509');
INSERT INTO books VALUES ('257', 'ET000257', 'pham duc', '+84+84+840968125894', '1', '440000', null, null, null, null, '10:20:00', '2018-03-28', '1', 'An Giang, Việt Nam', 'facebook', null, null, null, '3', '0', '0', null, null, null, null, null, '2', 'KH344138', '1', '2018-03-28 10:23:11', '2018-03-28 10:23:11', '0', 'LD 509');
INSERT INTO books VALUES ('258', 'ET000258', 'pham duc', '+84+84+84+840968125894', '1', '440000', null, null, null, null, '10:20:00', '2018-03-28', '1', 'An Giang, Việt Nam', 'facebook', null, null, null, '3', '0', '0', null, null, null, null, null, '2', 'KH344138', '1', '2018-03-28 10:40:49', '2018-03-28 10:40:49', '0', 'LD 509');
INSERT INTO books VALUES ('259', 'ET000259', 'pham duc', '+840968125894', '1', '440000', null, null, null, null, '10:20:00', '2018-03-28', '1', 'An Giang, Việt Nam', 'facebook', null, null, null, '3', '0', '0', null, null, null, null, null, '2', 'KH344138', '1', '2018-03-28 10:41:18', '2018-03-28 10:41:18', '0', 'LD 506');
INSERT INTO books VALUES ('260', 'ET000260', 'pham duc', '+84+840968125894', '1', '440000', null, null, null, null, '10:20:00', '2018-03-28', '1', 'An Giang, Việt Nam', 'facebook', null, null, null, '3', '0', '0', null, null, null, null, null, '2', 'KH344138', '1', '2018-03-28 10:41:42', '2018-03-28 10:41:42', '0', 'LD 506');
INSERT INTO books VALUES ('261', 'ET000261', 'pham duc', '+84+84+840968125894', '1', '440000', null, null, null, null, '10:20:00', '2018-03-28', '1', 'An Giang, Việt Nam', 'facebook', null, null, null, '3', '0', '0', null, null, null, null, null, '2', 'KH344138', '1', '2018-03-28 10:42:24', '2018-03-28 10:42:24', '0', 'LD 506');
INSERT INTO books VALUES ('262', 'ET000262', 'pham duc', '+840968125894', '1', '440000', null, null, null, null, '10:20:00', '2018-03-28', '1', 'An Giang, Việt Nam', 'facebook', null, null, null, '3', '0', '0', null, null, null, null, null, '2', 'KH344138', '1', '2018-03-28 10:42:58', '2018-03-28 10:42:59', '0', 'LD 506');
INSERT INTO books VALUES ('263', 'ET000263', 'pham duc', '+84+840968125894', '1', '440000', null, null, null, null, '10:20:00', '2018-03-28', '1', 'An Giang, Việt Nam', 'facebook', null, null, null, '3', '0', '0', null, null, null, null, null, '2', 'KH344138', '1', '2018-03-28 10:47:39', '2018-03-28 10:47:39', '0', 'LD 506');
INSERT INTO books VALUES ('264', 'ET000264', 'Taylor Mc Vaughan', '+84983603108', '0', '440000', '19:30:00', '2018-03-30', 'Church Boutique Hotel, Lãn Ông, Hàng Bồ, Hoàn Kiếm, Hà Nội, Việt Nam', '1', null, null, null, null, 'WhatsApp', '+84983603108', 'Prepare a bunch of rose for me and I will pay driver on arrival', 'Welcome Mr and Ms Mc Vaughan', '3', '1', '1', 'ET000264', 'QT', '2018-03-28T21:58:55Z', 'f8f5689134104c7a854a053fcffa7424', '00', '2', 'KH212335', '1', '2018-03-28 21:56:50', '2018-03-28 21:58:55', '0', 'VN254');
INSERT INTO books VALUES ('265', 'ET000265', 'Henry Jack', '+84968125894', '1', '440000', null, null, null, null, '08:40:00', '2018-03-29', '1', 'An Giang, Việt Nam', 'facebook', 'facbook.com', 'note cho tai xe', 'micken', '1', '0', '1', null, null, null, null, null, '2', 'KH042673', '1', '2018-03-29 08:44:47', '2018-03-29 08:44:47', '0', 'LD 506');
INSERT INTO books VALUES ('266', 'ET000266', 'pham duc', '+840968125894', '1', '440000', null, null, null, null, '08:45:00', '2018-03-29', '1', 'an', 'facebook', null, null, null, '1', '0', '1', null, null, null, null, null, '2', 'KH344138', '1', '2018-03-29 08:45:16', '2018-03-29 08:45:16', '0', 'LD 506');
INSERT INTO books VALUES ('267', 'ET000267', 'a b', '+84undefined', '1', '440000', null, null, null, null, '09:25:00', '2018-03-30', '1', 'Church Boutique Hotel, Hàng Đào, Hoàn Kiếm, Hà Nội, Việt Nam', 'facebook', null, null, null, '1', '0', '1', null, null, null, null, null, '2', 'KH205960', '1', '2018-03-29 09:32:42', '2018-03-29 09:32:42', '0', 'al');
INSERT INTO books VALUES ('268', 'ET000268', 'a b', '+84undefined', '1', '440000', null, null, null, null, '09:30:00', '2018-03-30', '1', 'Church Boutique Hotel, Hàng Đào, Hoàn Kiếm, Hà Nội, Việt Nam', 'facebook', null, null, null, '1', '0', '1', null, null, null, null, null, '2', 'KH205960', '1', '2018-03-29 09:35:14', '2018-03-29 09:35:14', '0', 'ab');
INSERT INTO books VALUES ('269', 'ET000269', 'Tien Anh', '+84989992346', '1', '440000', null, null, null, null, '05:05:00', '2018-03-30', '1', '323 Cầu Giấy, Dịch Vọng, Cầu Giấy, Hà Nội, Việt Nam', 'facebook', '20', 'No', 'Mr Anh', '3', '0', '0', null, null, null, null, null, '2', 'KH356092', '1', '2018-03-29 15:10:49', '2018-03-29 15:10:49', '0', 'AC15');
INSERT INTO books VALUES ('270', 'ET000270', 'AD CD', '+84989992346', '1', '440000', null, null, null, null, '02:10:00', '2018-03-31', '1', '32 Gia Ngư Street, Hàng Bạc, Hoàn Kiếm, Hà Nội, Việt Nam', 'facebook', null, null, null, '3', '0', '0', null, null, null, null, null, '2', 'KH356092', '1', '2018-03-29 15:16:13', '2018-03-29 15:16:16', '0', 'AC45');
INSERT INTO books VALUES ('271', 'ET000271', 'hoa Hoàng', '+84989668631', '2', '880000', '15:05:00', '2018-03-29', 'Cầu Giấy, Hà Nội, Việt Nam', '1', '10:05:00', '2018-03-30', '1', 'Cầu Giấy, Hà Nội, Việt Nam', 'phone', '0989668631', null, null, '1', '0', '1', null, null, null, null, null, '2', 'KH068085', '1', '2018-03-29 15:21:43', '2018-03-29 15:21:43', '0', 'vj432');
INSERT INTO books VALUES ('272', 'ET000272', 'A B', '+84undefined', '1', '440000', null, null, null, null, '15:20:00', '2018-04-02', '1', 'Church Boutique Hotel, Hàng Đào, Hoàn Kiếm, Hà Nội, Việt Nam', 'facebook', null, null, null, '1', '0', '1', null, null, null, null, null, '2', 'KH820495', '1', '2018-04-02 15:24:09', '2018-04-02 15:24:09', '0', 'Abc');
INSERT INTO books VALUES ('273', 'ET000273', 'A B', '+84undefined', '1', '440000', null, null, null, null, '15:25:00', '2018-04-02', '1', 'Church Boutique Hotel, Hàng Đào, Hoàn Kiếm, Hà Nội, Việt Nam', 'facebook', null, null, null, '1', '0', '1', null, null, null, null, null, '2', 'KH678973', '1', '2018-04-02 15:27:34', '2018-04-02 15:27:34', '0', 'Abc');
INSERT INTO books VALUES ('274', 'ET000274', 'a b', '+84undefined', '1', '440000', null, null, null, null, '16:15:00', '2018-04-02', '1', 'Church Boutique Hotel, Hàng Đào, Hoàn Kiếm, Hà Nội, Việt Nam', 'facebook', null, null, null, '1', '0', '1', null, null, null, null, null, '2', 'KH678973', '1', '2018-04-02 16:21:31', '2018-04-02 16:21:31', '0', 'aba');
INSERT INTO books VALUES ('275', 'ET000275', '11 1', '+84undefined', '1', '440000', null, null, null, null, '16:30:00', '2018-04-02', '2', 'Hồ Chí Minh, Việt Nam', 'facebook', null, null, null, '1', '0', '1', null, null, null, null, null, '2', 'KH742102', '1', '2018-04-02 16:33:31', '2018-04-02 16:33:31', '0', '123');

-- ----------------------------
-- Table structure for `cars`
-- ----------------------------
DROP TABLE IF EXISTS `cars`;
CREATE TABLE `cars` (
  `id` int(10) unsigned NOT NULL AUTO_INCREMENT,
  `code` varchar(255) COLLATE utf8_unicode_ci NOT NULL,
  `name` varchar(255) COLLATE utf8_unicode_ci NOT NULL,
  `image` varchar(255) COLLATE utf8_unicode_ci DEFAULT NULL,
  `description_en` varchar(255) COLLATE utf8_unicode_ci DEFAULT NULL,
  `description_vi` varchar(255) COLLATE utf8_unicode_ci DEFAULT NULL,
  `price_from_airport_en` double NOT NULL,
  `price_from_airport_vi` double NOT NULL,
  `price_to_airport_en` double NOT NULL,
  `price_to_airport_vi` double NOT NULL,
  `price_round_trip_en` double NOT NULL,
  `price_round_trip_vi` double NOT NULL,
  `max_passengers` int(10) unsigned NOT NULL,
  `max_luggage` int(10) unsigned NOT NULL,
  `commitment_en` varchar(255) COLLATE utf8_unicode_ci DEFAULT NULL,
  `commitment_vi` varchar(255) COLLATE utf8_unicode_ci DEFAULT NULL,
  `delete` tinyint(1) NOT NULL DEFAULT '0',
  `created_at` timestamp NULL DEFAULT NULL,
  `updated_at` timestamp NULL DEFAULT NULL,
  PRIMARY KEY (`id`),
  UNIQUE KEY `cars_code_unique` (`code`)
) ENGINE=InnoDB AUTO_INCREMENT=6 DEFAULT CHARSET=utf8 COLLATE=utf8_unicode_ci;

-- ----------------------------
-- Records of cars
-- ----------------------------
INSERT INTO cars VALUES ('1', 'asdas', 'dsad', 'uploads/car/1517381455_wGsa_car.png', 'faf', 'afas', '213', '0', '213', '0', '426', '0', '12312', '3321', 'sfadfasf\r\nasfas\r\nfasffsq', 'fafasf\r\nfasfasf\r\nafa', '1', '2018-01-31 13:50:55', '2018-01-31 13:51:33');
INSERT INTO cars VALUES ('2', 'sedan', 'HT SEDAN', 'uploads/car/1519884731_Ta3N_xe-o-to-4-cho.jpg', 'Toyota Vios, Huyndai Grand i10 Sedan, Honda City or similar', 'Toyota Vios, Huyndai Grand i10 Sedan, Honda City hay tương tự', '19', '440000', '19', '440000', '38', '880000', '3', '2', 'Free wifi for journey\r\nComplimentary water', 'Wifi miễn phí\r\nNước uống', '0', '2018-01-31 13:55:50', '2018-03-01 15:21:44');
INSERT INTO cars VALUES ('3', 'minivan', 'HT MINIVAN', 'uploads/car/1519884287_gd1e_mtf-rideshare-chrysler-townandcountry-2.png.wrend_.1280.720.png', 'Toyota Innova, Toyota Fortuner or similar', 'Toyota Innova, Toyota Fortuner hay tương tự', '24', '550000', '24', '550000', '48', '1100000', '4', '4', 'Free wifi for journey\r\nComplimentary water', 'Wifi miễn phí\r\nNước uống', '0', '2018-01-31 13:59:11', '2018-03-01 15:23:58');
INSERT INTO cars VALUES ('4', 'transit', 'HT TRANSIT VAN', 'uploads/car/1519883793_yNWx_2017-ford-transit-250-medium-roof-cargo-side-view.png', 'Ford Transit, Mercedes Sprinter or similar', 'Ford Transit, Mercedes Sprinter hay tương tự', '39', '900000', '39', '900000', '78', '1800000', '8', '8', 'Free wifi for journey\r\nComplimentary water', 'Wifi miễn phí\r\nNước uống', '0', '2018-01-31 14:03:27', '2018-03-01 15:24:02');
INSERT INTO cars VALUES ('5', 'b', 'Business Van', 'uploads/car/1517903918_8JwZ_xe-o-to-4-cho.jpg', 'ass', 'a', '12', '120000', '14', '140000', '26', '260000', '7', '6', 'Free wifi for journey\r\nComplimentary water', 'Wifi miễn phí\r\nNước uống', '1', '2018-02-06 14:57:37', '2018-02-06 15:16:34');

-- ----------------------------
-- Table structure for `contacts`
-- ----------------------------
DROP TABLE IF EXISTS `contacts`;
CREATE TABLE `contacts` (
  `id` int(10) unsigned NOT NULL AUTO_INCREMENT,
  `name` varchar(255) COLLATE utf8_unicode_ci NOT NULL,
  `detail` varchar(255) COLLATE utf8_unicode_ci DEFAULT NULL,
  `created_at` timestamp NULL DEFAULT NULL,
  `updated_at` timestamp NULL DEFAULT NULL,
  PRIMARY KEY (`id`)
) ENGINE=InnoDB AUTO_INCREMENT=8 DEFAULT CHARSET=utf8 COLLATE=utf8_unicode_ci;

-- ----------------------------
-- Records of contacts
-- ----------------------------
INSERT INTO contacts VALUES ('1', 'Địa chỉ', 'R410, CT13A, Ciputra, Vo Chi Cong Str, Tay Ho Dist, Hanoi', null, '2018-02-05 14:12:15');
INSERT INTO contacts VALUES ('2', 'Điện thoại', '(+84)98.3603.108 / (+84)98.972.0986', null, '2018-04-02 15:49:19');
INSERT INTO contacts VALUES ('3', 'Email', 'bookings@embracetransfers.com', null, '2018-02-28 16:27:53');
INSERT INTO contacts VALUES ('4', 'Facebook', 'https://www.facebook.com/hanoitransferteam', null, '2018-03-01 14:05:09');
INSERT INTO contacts VALUES ('5', 'Instagram', 'https://www.facebook.com/hanoitransferteam', null, '2018-03-01 14:05:42');
INSERT INTO contacts VALUES ('6', 'Twitter', 'http://www.24h.com.vn/', null, '2018-03-01 14:05:49');
INSERT INTO contacts VALUES ('7', 'Google+', 'https://shopee.vn/', null, '2018-03-01 14:06:09');

-- ----------------------------
-- Table structure for `customers`
-- ----------------------------
DROP TABLE IF EXISTS `customers`;
CREATE TABLE `customers` (
  `id` int(10) unsigned NOT NULL AUTO_INCREMENT,
  `code` varchar(255) COLLATE utf8_unicode_ci NOT NULL,
  `last_name` varchar(255) COLLATE utf8_unicode_ci NOT NULL,
  `first_name` varchar(255) COLLATE utf8_unicode_ci NOT NULL,
  `email` varchar(255) COLLATE utf8_unicode_ci NOT NULL,
  `phone` varchar(255) COLLATE utf8_unicode_ci DEFAULT NULL,
  `country` varchar(255) COLLATE utf8_unicode_ci DEFAULT NULL,
  `language` varchar(255) COLLATE utf8_unicode_ci DEFAULT NULL,
  `address` varchar(255) COLLATE utf8_unicode_ci DEFAULT NULL,
  `contact_type` varchar(255) COLLATE utf8_unicode_ci DEFAULT NULL,
  `contact_detail` varchar(255) COLLATE utf8_unicode_ci DEFAULT NULL,
  `status` tinyint(1) DEFAULT NULL,
  `delete` tinyint(1) NOT NULL DEFAULT '0',
  `created_at` timestamp NULL DEFAULT NULL,
  `updated_at` timestamp NULL DEFAULT NULL,
  PRIMARY KEY (`id`),
  UNIQUE KEY `customers_code_unique` (`code`),
  UNIQUE KEY `customers_email_unique` (`email`)
) ENGINE=InnoDB AUTO_INCREMENT=96 DEFAULT CHARSET=utf8 COLLATE=utf8_unicode_ci;

-- ----------------------------
-- Records of customers
-- ----------------------------
INSERT INTO customers VALUES ('1', 'KH344138', 'pham', 'duc', 'tenhayko@gmail.com', '0968125894', 'Việt Nam', 'Việt Nam', 'viet nam', 'facebook', 'fb/fb', '1', '0', '2018-01-31 16:56:45', '2018-01-31 16:56:45');
INSERT INTO customers VALUES ('2', 'KH403154', 'pham van', 'duc', 'tenhayako@gmail.com', '0968125894', 'Việt Nam', 'Việt Nam', 'viet nam', 'facebook', 'a', '1', '0', '2018-02-02 10:39:52', '2018-02-02 10:39:52');
INSERT INTO customers VALUES ('3', 'KH621297', 'Jack', 'HenryHẻny', 'jack@gmail.com', '0968125894', 'Viet Nam', 'English Vietnamese', 'Viet Nam', 'facebook', 'link facebook', '0', '0', '2018-02-02 11:13:12', '2018-02-02 11:13:12');
INSERT INTO customers VALUES ('4', 'KH408804', 'hacj', 'henry', 'kadsa@gmail.com', '0968125894', 'viet nam', 'English Vietnamese', 'viet nam', 'facebook', 'link facebook', '0', '0', '2018-02-02 12:05:18', '2018-02-02 12:05:18');
INSERT INTO customers VALUES ('5', 'KH823308', 'asda', 'dasd', 'dasdasdad@gmail.com', null, 'dasd', 'English', 'dasd', 'facebook', 'dasd', '0', '0', '2018-02-02 12:06:41', '2018-02-02 12:06:41');
INSERT INTO customers VALUES ('6', 'KH868706', 'jack', 'henry', 'tenhayko1234@gmail.com', '0968125894', 'viet nam', 'English', 'viet nam', 'facebook', 'link facebook', '0', '0', '2018-02-02 14:27:42', '2018-02-02 14:27:42');
INSERT INTO customers VALUES ('7', 'KH970475', 'nguyen', 'henry', 'nguyen@gmail.com', null, 'viet nam', 'English', 'viet nam', 'facebook', 'link facebook', '0', '0', '2018-02-02 14:33:19', '2018-02-02 14:33:19');
INSERT INTO customers VALUES ('8', 'KH122925', 'b', 'a', 'admin@gmail.com', '012', 'vi', 'English Vietnamesea', 'vi', 'phone', '0123456788', '0', '0', '2018-02-02 16:06:19', '2018-02-02 16:06:19');
INSERT INTO customers VALUES ('9', 'KH311276', 'Chu1', 'Mai1', 'mai@gmail.com', '0123', 'VN1', 'English Vietnamese', 'VN1', 'phone', '12345', '0', '0', '2018-02-02 16:25:11', '2018-02-02 16:25:11');
INSERT INTO customers VALUES ('10', 'KH776132', 'last', 'first', 'a@gmail.com', '1', 'VN', 'English Vietnamese', 'VN', 'facebook', 'a', '0', '0', '2018-02-02 17:02:50', '2018-02-02 17:02:50');
INSERT INTO customers VALUES ('11', 'KH205960', 'b', 'a', 'abc@gmail.com', '+84 12345678', 'vietnam', 'undefined Vietnamese', 'vietnam', 'phone', 'fb.com/abc', '0', '0', '2018-02-03 09:41:59', '2018-02-03 09:41:59');
INSERT INTO customers VALUES ('12', 'KH218869', 'đá', 'đá', 'fasfasf@gmail.com', '09681225894', 'đá', 'undefined Vietnamese', 'đá', 'facebook', 'dđá', '0', '0', '2018-02-03 11:38:55', '2018-02-03 11:38:55');
INSERT INTO customers VALUES ('13', 'KH932522', 'Chu', 'Mai', 'ngocmai24121@gmail.com', 'null', 'VN', 'undefined Vietnamese', 'VN', 'phone', '0123456789', '0', '0', '2018-02-03 11:44:31', '2018-02-05 10:20:07');
INSERT INTO customers VALUES ('14', 'KH289517', 'Nguyen', 'Cherry', 'hoa.nguyen1911@gmail.com', '+84 987805311', 'Vietnam', 'English', 'Vietnam', 'phone', '+84987805311', '0', '0', '2018-02-03 15:49:33', '2018-02-03 15:49:33');
INSERT INTO customers VALUES ('15', 'KH282419', 'Thanh', 'Hoa', 'hoa@gmail.com', '098321456', 'VN', 'English Vietnamese', 'VN', 'phone', '098321456', '0', '0', '2018-02-05 09:07:50', '2018-02-05 09:07:50');
INSERT INTO customers VALUES ('16', 'KH351178', 'Trần', 'Phương', 'phuong@gmail.com', '0912029934', 'VN', 'EnglishHàn', 'VN', 'facebook', 'facebook.com', '0', '0', '2018-02-05 09:26:20', '2018-02-05 09:26:20');
INSERT INTO customers VALUES ('17', 'KH588241', 'Nguyễn', 'Hùng', 'hung@gmail.com', null, 'VN', 'Englishhàn', 'VN', 'phone', '01257738920', '0', '0', '2018-02-05 09:33:58', '2018-02-05 09:33:58');
INSERT INTO customers VALUES ('18', 'KH026576', 'Trần', 'Nam', 'nam@gmail.com', '0123984920', 'VN', 'English Vietnamese', 'VN', 'facebook', 'facebook.com', '0', '0', '2018-02-05 09:46:54', '2018-02-05 09:46:54');
INSERT INTO customers VALUES ('19', 'KH458603', 'Hung', 'Henry', 'hr@gmail.com', '02938188212', 'E', 'English', 'E', 'phone', '0981172381', '0', '0', '2018-02-05 09:59:37', '2018-02-05 09:59:37');
INSERT INTO customers VALUES ('20', 'KH555525', 'Nguyễn', 'Trọng', 'trong@gmail.com', '09123998231', 'VN', 'undefined Vietnamese', 'VN', 'phone', '09123998452', '0', '0', '2018-02-05 10:11:49', '2018-02-05 10:11:49');
INSERT INTO customers VALUES ('21', 'KH742102', 'Trần', 'Minh', 'ngocmai24121994@gmail.com', null, 'VN', 'English', 'VN', 'phone', '0912030049', '0', '1', '2018-02-05 10:20:34', '2018-03-01 15:51:42');
INSERT INTO customers VALUES ('22', 'KH819238', 'Trung', 'Hoàng', 'trung@gmail.com', null, 'VN', 'English Vietnamese', 'VN', 'facebook', 'facebook.com', '0', '0', '2018-02-05 13:50:27', '2018-02-05 13:50:27');
INSERT INTO customers VALUES ('23', 'KH567345', 'Trần', 'Nhung', 'nhung@gmail.com', '098.3603.108', 'VN', 'English Vietnamese', 'VN', 'facebook', 'https://www.facebook.com/giayjuno/', '0', '0', '2018-02-05 14:21:32', '2018-02-05 14:21:32');
INSERT INTO customers VALUES ('24', 'KH986447', '1', '1', '1@gmail.com', '1', 'VN', 'Englishhàn', 'VN', 'facebook', '1', '0', '0', '2018-02-05 15:50:44', '2018-02-05 15:50:44');
INSERT INTO customers VALUES ('25', 'KH775909', 'Nguyễn', 'Hoàng', 'hoangnguyen@gmail.com', '0982273812', 'VN', 'undefined Vietnamese', 'VN', 'facebook', 'fb.com', '0', '0', '2018-02-05 16:13:19', '2018-02-05 16:13:19');
INSERT INTO customers VALUES ('26', 'KH112992', 'Thu', 'Trang', 'thutrang@gmail.com', null, 'Vn', 'English Vietnamese', 'Vn', 'phone', '0912765549', '1', '0', '2018-02-06 09:20:21', '2018-02-06 09:20:21');
INSERT INTO customers VALUES ('27', 'KH460088', 'Hoàng', 'Nam', 'hnam@gmail.com', null, 'VN', 'undefined Vietnamese', 'VN', 'phone', '0123456789', '0', '0', '2018-02-06 09:21:32', '2018-02-06 09:21:32');
INSERT INTO customers VALUES ('28', 'KH715700', 'Nguyễn', 'Long', 'long@gmail.com', '098737466363', 'Vn', 'English Vietnamese', 'Vn', 'phone', '0987777777', '0', '0', '2018-02-06 09:32:42', '2018-02-06 09:32:42');
INSERT INTO customers VALUES ('29', 'KH938747', 'Thu', 'Hồng', 'hong@gmail.com', '0974445712', 'Vn', 'undefined Vietnamese', 'Vn', 'facebook', '01236653321', '0', '0', '2018-02-06 09:45:19', '2018-02-06 09:45:19');
INSERT INTO customers VALUES ('30', 'KH437239', 'Hồng', 'Nhung', 'hnhung@gmail.com', null, 'Vn', 'undefined VietnameseAbc', 'Vn', 'phone', '01234567888', '1', '0', '2018-02-06 09:54:35', '2018-02-06 09:54:35');
INSERT INTO customers VALUES ('31', 'KH087791', 'Nguyễn', 'Ngọc', 'ngngoc@gmail.com', null, 'Vn', 'undefined Vietnamese', 'Vn', 'facebook', 'Fb.com', '1', '0', '2018-02-06 10:02:22', '2018-02-06 10:02:22');
INSERT INTO customers VALUES ('32', 'KH900300', 'Trần', 'Mạnh', 'manh@gmail.com', '+88 09535678034', 'Vn', 'undefined Vietnamese', 'Vn', 'phone', '098123456', '0', '0', '2018-02-06 10:06:24', '2018-02-06 10:06:24');
INSERT INTO customers VALUES ('33', 'KH651433', 'Chu 1', 'Mai 1', 'mai1@gmail.com', null, 'Vn', 'undefined Vietnamese', 'Vn', 'phone', '0984331234', '1', '0', '2018-02-06 10:19:20', '2018-02-06 10:19:20');
INSERT INTO customers VALUES ('34', 'KH747988', '2', '22', '222@gmail.com', '123', 'vn', 'undefined Vietnamese', 'vn', 'facebook', '1', '0', '0', '2018-02-06 11:15:13', '2018-02-06 11:15:13');
INSERT INTO customers VALUES ('35', 'KH857577', 'Trần', 'Lê', 'lele@gmail.com', '0999888777', 'Vn', 'English', 'Vn', 'facebook', 'Fb.com', '1', '0', '2018-02-06 11:22:32', '2018-02-06 11:22:32');
INSERT INTO customers VALUES ('36', 'KH249515', 'hacj', 'henry', 'asfaf@gmail.com', 'da', 'dasd', 'English', 'dasd', 'facebook', 'fasf', '0', '0', '2018-02-06 11:33:35', '2018-02-06 11:33:35');
INSERT INTO customers VALUES ('37', 'KH562347', 'Hoàng', 'Hồng', 'hhoong@gmail.com', '0972', 'Vn', 'undefined Vietnamese', 'Vn', 'facebook', '0908070605', '0', '0', '2018-02-06 11:38:50', '2018-02-06 11:38:50');
INSERT INTO customers VALUES ('38', 'KH574008', 'họ', 'Hoa', 'hh@gmail.com', '0912999111', 'VN', 'English Vietnamese', 'VN', 'phone', '123456', '1', '0', '2018-02-06 11:43:26', '2018-02-06 11:43:26');
INSERT INTO customers VALUES ('39', 'KH853394', 'Hoàng', 'Nhung', 'hoangnhung@gmail.com', '09811239231', 'vn', 'undefined Vietnamese', 'vn', 'facebook', 'fb.com', '1', '0', '2018-02-06 11:48:57', '2018-02-06 11:48:57');
INSERT INTO customers VALUES ('40', 'KH554396', 'sadasd', 'asdasd', 'dasddasfaf@gmail.com', null, null, 'English', null, null, null, '0', '0', '2018-02-06 12:31:48', '2018-02-06 12:31:48');
INSERT INTO customers VALUES ('41', 'KH432635', 'Nguyễn', 'm', 'mm@gmail.com', null, null, 'English', null, null, null, '0', '0', '2018-02-06 13:57:35', '2018-02-06 13:57:35');
INSERT INTO customers VALUES ('42', 'KH120160', 'Nguyễn', 'mai', 'ngngngn@gmail.com', null, null, 'Vietnamese', null, null, null, '0', '0', '2018-02-06 14:18:52', '2018-02-06 14:18:52');
INSERT INTO customers VALUES ('43', 'KH986157', 'mai', 'chu', 'mmmmm@gmail.com', '09827373772', 'null', 'VN', 'null', 'null', 'null', '1', '0', '2018-02-06 14:31:50', '2018-02-06 14:34:32');
INSERT INTO customers VALUES ('44', 'KH133882', 'addd', 'aaa', 'mkk@gmail.com', 'null', 'null', 'null', 'null', 'null', 'null', '0', '0', '2018-02-06 14:44:44', '2018-02-06 14:46:19');
INSERT INTO customers VALUES ('45', 'KH419924', 'q', 'q', 'qqq@gmail.com', null, null, 'English', null, null, null, '0', '0', '2018-02-06 15:03:57', '2018-02-06 15:03:57');
INSERT INTO customers VALUES ('46', 'KH820495', 'b', 'a', 'lehonghanh2105@gmail.com', '0906075525', 'vietnam', 'undefined Vietnamese', 'vietnam', null, null, '0', '0', '2018-02-06 15:37:55', '2018-02-06 15:37:55');
INSERT INTO customers VALUES ('47', 'KH649704', 'Phùng', 'Hương', 'huonng@gmail.com', null, null, 'English', null, null, null, '1', '0', '2018-02-06 16:28:05', '2018-02-06 16:28:05');
INSERT INTO customers VALUES ('48', 'KH685643', '2', '1', '12@gmail.com', null, null, 'undefined Vietnamese', null, null, null, '0', '0', '2018-02-06 16:39:50', '2018-02-06 16:39:50');
INSERT INTO customers VALUES ('49', 'KH193309', '1', '1', '111@gmail.com', null, null, 'undefined Vietnamese12', null, null, null, '0', '0', '2018-02-06 16:40:16', '2018-02-06 16:40:16');
INSERT INTO customers VALUES ('50', 'KH510429', 'dasd', 'asdasd', 'fasfasfafafaf@gmail.com', null, null, 'undefined Vietnamese', null, null, null, '0', '0', '2018-02-06 17:14:15', '2018-02-06 17:14:15');
INSERT INTO customers VALUES ('51', 'KH249032', 'afasf', 'fasf', 'afasfasfafaff@gmail.com', null, null, 'Vietnamese', null, null, null, '0', '0', '2018-02-06 17:15:48', '2018-02-06 17:15:48');
INSERT INTO customers VALUES ('52', 'KH181934', 'qqqq', 'qq', 'kkoo@gmail.com', null, null, 'Vietnamese', null, null, null, '0', '1', '2018-02-06 17:16:49', '2018-02-06 17:19:22');
INSERT INTO customers VALUES ('53', 'KH524768', 'Trần', 'Nhung', 'nhungno1@gmail.com', '09872636412', 'VN', 'Vietnamese', 'null', 'null', 'null', '0', '0', '2018-02-06 17:17:23', '2018-02-07 15:33:33');
INSERT INTO customers VALUES ('54', 'KH278770', 'Chu', 'Mai', 'mai123@gmail.com', 'null', 'null', 'hàn', 'null', 'null', 'null', '1', '0', '2018-02-06 17:18:44', '2018-02-07 15:32:53');
INSERT INTO customers VALUES ('55', 'KH911815', 'gft', 'ads', 'agb@gmail.com', null, null, 'English', null, null, null, '0', '0', '2018-02-09 17:01:34', '2018-02-09 17:01:34');
INSERT INTO customers VALUES ('56', 'KH636750', 'nguyễn', 'huệ', 'hue@gmail.com', null, null, 'Vietnamese', null, null, null, '0', '0', '2018-02-12 10:11:49', '2018-02-12 10:11:49');
INSERT INTO customers VALUES ('57', 'KH212335', 'Man', 'Huopi', 'buiducquan.hou@gmail.com', null, null, 'Vietnamese', null, null, null, '0', '0', '2018-02-12 11:01:38', '2018-02-12 11:01:38');
INSERT INTO customers VALUES ('58', 'KH680418', 'Hoàng', 'Hoa', 'hha@gmail.com', '+84 1648729942', null, 'English', null, null, null, '0', '0', '2018-02-12 16:20:06', '2018-02-12 16:20:06');
INSERT INTO customers VALUES ('59', 'KH198396', 'chu', 'mai', 'tenhadasdyko@gmail.com', '+8112121212', 'Việt Nam', 'English Vietnamese', 'Việt Nam', null, null, '2', '0', '2018-02-12 16:24:40', '2018-02-12 16:24:40');
INSERT INTO customers VALUES ('60', 'KH892604', 'Lê', 'Hà', 'leha@gmail.com', '+84 98383831', 'VN', 'Vietnamese', 'VN', null, null, '2', '0', '2018-02-12 16:35:58', '2018-02-12 16:35:58');
INSERT INTO customers VALUES ('61', 'KH870023', 'Hoàng', 'Hương', 'hhhhh@gmail.com', '+33 98473626637', 'Vn', 'English', 'Vn', 'facebook', 'facebook.com', '2', '0', '2018-02-12 17:04:48', '2018-02-21 14:41:56');
INSERT INTO customers VALUES ('62', 'KH867481', 'Nguyễn', 'linh', 'lllllinh@gmail.com', '+84 928387821', null, 'English', null, null, null, '0', '0', '2018-02-12 17:10:47', '2018-02-12 17:10:47');
INSERT INTO customers VALUES ('63', 'KH780542', 'Ngọc', 'Phương', 'ngphuong@gmail.com', '+33 83823423424432', 'Pháp', 'English', 'Pháp', 'null', 'null', '1', '0', '2018-02-21 14:46:49', '2018-02-22 09:11:05');
INSERT INTO customers VALUES ('64', 'KH153421', 'Phạm', 'Nam', 'phamnam@gmail.com', '+84 982738281', 'VN', 'Vietnamese', 'VN', 'phone', '0987', '0', '0', '2018-02-21 14:58:35', '2018-02-21 15:11:54');
INSERT INTO customers VALUES ('65', 'KH742007', 'Thu', 'Trang', 'thutrang123@gmail.com', '+84 1257728876', 'VN', 'Vietnamese', 'VN', 'facebook', 'null', '0', '0', '2018-02-21 15:13:10', '2018-02-28 14:13:44');
INSERT INTO customers VALUES ('66', 'KH015810', 'Hoàng', 'Linh', 'hlinh@gmail.com', '+84 864829123', null, 'Vietnamese', null, null, null, '0', '0', '2018-02-22 14:04:53', '2018-02-22 14:04:53');
INSERT INTO customers VALUES ('67', 'KH881425', 'Berley', 'Sam', 'sam@bccg.com', '+63', null, 'English', null, null, null, '0', '0', '2018-02-25 10:54:54', '2018-02-25 10:54:54');
INSERT INTO customers VALUES ('68', 'KH525381', 'Mc Cain', 'John', 'johny@gmail.com', '+81', null, 'English', null, null, null, '0', '0', '2018-02-25 10:57:09', '2018-02-25 10:57:09');
INSERT INTO customers VALUES ('69', 'KH396497', 'Tojo', 'Reva', 'revatojo@gmail.com', '+81', null, 'English', null, null, null, '0', '0', '2018-02-25 12:34:39', '2018-02-25 12:34:39');
INSERT INTO customers VALUES ('70', 'KH484531', 'Canal', 'Bambo', 'bambi@gmail.com', '+81', 'Bristish', 'English', 'Bristish', null, null, '0', '0', '2018-02-26 10:19:15', '2018-02-26 10:19:15');
INSERT INTO customers VALUES ('71', 'KH819770', 'Chu', 'mai', 'mmm@gmail.com', '+81', 'null', 'English', 'null', 'null', 'null', '0', '0', '2018-02-26 14:24:36', '2018-02-28 16:27:27');
INSERT INTO customers VALUES ('72', 'KH723979', 'na', 'na', 'na@gmail.com', '+81', 'null', 'English', 'null', 'null', 'null', '0', '0', '2018-02-27 16:52:32', '2018-02-28 14:09:56');
INSERT INTO customers VALUES ('73', 'KH598803', 'Dang', 'Duong', 'duongdtk@gmail.com', '+84092343532', null, 'English', null, null, null, '0', '0', '2018-02-28 14:26:22', '2018-02-28 14:26:22');
INSERT INTO customers VALUES ('74', 'KH361057', 'Phạm', 'Đức', 'phamduc123@gmail.com', '+84968125894', 'Việt Nam', 'English', 'Việt Nam', null, null, '0', '0', '2018-02-28 15:14:03', '2018-02-28 15:14:03');
INSERT INTO customers VALUES ('75', 'KH437254', 'Johnson', 'Carl', 'cjgta@gmail.com', '+3432453452', 'null', 'English', 'null', 'facebook', 'null', '2', '0', '2018-02-28 15:20:24', '2018-02-28 16:28:41');
INSERT INTO customers VALUES ('76', 'KH336330', 'Ngọc', 'Mai', 'ngmai@gmail.com', '+81 4674', 'VN', 'English', 'VN', 'LINE', '0123485923', '1', '0', '2018-02-28 16:22:19', '2018-02-28 17:03:13');
INSERT INTO customers VALUES ('77', 'KH813555', 'A', 'Q', 'vananhnt@gmail.com', '+81', null, 'Vietnamese', null, 'facebook', null, '0', '0', '2018-03-01 10:41:11', '2018-03-01 10:41:11');
INSERT INTO customers VALUES ('78', 'KH167912', 'B', 'A', 'ntvananh@gmail.com', '+81', null, 'Vietnamese', null, 'facebook', null, '0', '0', '2018-03-01 10:42:46', '2018-03-01 10:42:46');
INSERT INTO customers VALUES ('79', 'KH489769', 'Hoàng', 'Hoa', 'hoahoa@gmail.com', '+856 982737732', 'VN', 'Vietnamese', 'VN', 'facebook', 'fb.com', '1', '0', '2018-03-01 13:43:06', '2018-03-01 13:43:06');
INSERT INTO customers VALUES ('80', 'KH499831', 'Nguyễn', 'Linh', 'linhnguyen1@gmail.com', '+84 091288342', 'vn', 'Vietnamese', 'vn', 'Viber', '0868334592', '0', '0', '2018-03-01 13:51:53', '2018-03-01 16:06:38');
INSERT INTO customers VALUES ('81', 'KH707319', '1', '1', '123@gmail.com', '+81', null, 'English', null, 'facebook', null, '0', '1', '2018-03-01 14:24:15', '2018-03-01 15:45:58');
INSERT INTO customers VALUES ('82', 'KH633975', 'Mai', 'CHu', '222221@gmail.com', '+812123', 'VN', 'English', 'VN', 'LINE', '123444', '2', '0', '2018-03-01 14:26:53', '2018-03-01 16:06:34');
INSERT INTO customers VALUES ('83', 'KH210213', 'Trần', 'Thanh', 'thanh123@gmail.com', '+84 01647772821', null, 'English', null, 'Zalo', '01238882932', '1', '0', '2018-03-01 16:27:21', '2018-03-01 16:27:21');
INSERT INTO customers VALUES ('84', 'KH516873', 'Trần', 'Hùng', 'maichu.st01@gmail.com', '+84 09283883', 'Eng', 'English', 'Eng', 'facebook', 'fb.com', '0', '0', '2018-03-01 16:39:11', '2018-03-01 16:40:25');
INSERT INTO customers VALUES ('85', 'KH597928', 'Teo', 'Nam', 'teo@gmail.com', '+81', null, 'English', null, 'WeChat', null, '0', '0', '2018-03-06 22:23:14', '2018-03-06 22:23:14');
INSERT INTO customers VALUES ('86', 'KH678973', 'Le', 'Hanh', 'hanhlh.jb@gmail.com', '+84', null, 'English', null, 'phone', '0906075525', '1', '0', '2018-03-06 22:24:01', '2018-03-06 22:24:01');
INSERT INTO customers VALUES ('87', 'KH187399', 'Mark', 'Mickey', 'mark@gmail.com', '+81 983603108', 'Vietnamese', 'English', 'Vietnamese', 'facebook', 'Number, link or account...', '0', '0', '2018-03-08 18:52:33', '2018-03-08 18:52:33');
INSERT INTO customers VALUES ('88', 'KH870007', 'B', 'Anh CD', 'abcdc@gmail.com', '+850', null, 'English', null, 'Viber', null, '0', '0', '2018-03-12 08:42:38', '2018-03-12 08:42:38');
INSERT INTO customers VALUES ('89', 'KH660276', 'duc', 'pham', 'tenhaykoadfasfas@gmail.com', '968125444', 'Việt Nam', 'English', 'Việt Nam', 'facebook', null, '0', '0', '2018-03-12 15:31:26', '2018-03-12 15:31:26');
INSERT INTO customers VALUES ('90', 'KH936515', 'Hoàng', 'Nhung', 'hnh@gmail.com', '+85683228838392', null, 'English', null, 'phone', '0981172293', '0', '0', '2018-03-12 15:51:55', '2018-03-12 15:51:55');
INSERT INTO customers VALUES ('91', 'KH404373', 'Trần', 'Mai', 'tm@gmail.com', '+7598273773721', 'VN', 'English', 'VN', 'Viber', '0123778928', '0', '0', '2018-03-12 15:54:29', '2018-03-12 15:54:29');
INSERT INTO customers VALUES ('92', 'KH044667', 'N', 'Anh van', 'vananh@gmail.com', '+84undefined', null, 'English', null, 'facebook', null, '0', '0', '2018-03-20 12:24:18', '2018-03-20 12:24:18');
INSERT INTO customers VALUES ('93', 'KH042673', 'Jack', 'Henry', 'Jacks@gmail.com', '+84968125894', 'anh', 'English Vietnamesekorean', 'anh', 'facebook', 'facbook.com', '0', '0', '2018-03-29 08:44:47', '2018-03-29 08:44:47');
INSERT INTO customers VALUES ('94', 'KH356092', 'Anh', 'Tien', 'tienanhit@gmail.com', '+84989992346', 'Vietnam', 'English Vietnamese', 'Vietnam', 'facebook', '20', '0', '0', '2018-03-29 15:10:49', '2018-03-29 15:10:49');
INSERT INTO customers VALUES ('95', 'KH068085', 'Hoàng', 'hoa', 'hoaht@gmail.com', '+84989668631', null, 'English', null, 'phone', '0989668631', '0', '0', '2018-03-29 15:21:43', '2018-03-29 15:21:43');

-- ----------------------------
-- Table structure for `helps`
-- ----------------------------
DROP TABLE IF EXISTS `helps`;
CREATE TABLE `helps` (
  `id` int(10) unsigned NOT NULL AUTO_INCREMENT,
  `title_en` varchar(255) COLLATE utf8_unicode_ci NOT NULL,
  `title_vi` varchar(255) COLLATE utf8_unicode_ci NOT NULL,
  `content_en` text COLLATE utf8_unicode_ci NOT NULL,
  `content_vi` text COLLATE utf8_unicode_ci NOT NULL,
  `created_at` timestamp NULL DEFAULT NULL,
  `updated_at` timestamp NULL DEFAULT NULL,
  PRIMARY KEY (`id`)
) ENGINE=InnoDB AUTO_INCREMENT=3 DEFAULT CHARSET=utf8 COLLATE=utf8_unicode_ci;

-- ----------------------------
-- Records of helps
-- ----------------------------
INSERT INTO helps VALUES ('1', 'GUIDE BOOK A CAR', 'QUY TRÌNH ĐẶT XE', '<p><img src=\"photos/shares/3-1-2018 3-16-55 PM.jpg\" alt=\"\" width=\"610\" height=\"271\" />&nbsp;</p>\n<p><img src=\"photos/shares/trợ gi&uacute;p/2-5-2018 1-36-06 PM.jpg\" alt=\"\" width=\"551\" height=\"257\" /></p>\n<p style=\"text-align: justify;\">Our booking process is simple and efficient:</p>\n<p style=\"padding-left: 30px;\">Step 1: Enter the pickup location and time you want to place a car.</p>\n<p style=\"padding-left: 30px;\">Step 2: Choose the right car for you.</p>\n<p style=\"padding-left: 30px;\">Step 3: Fill in your flight details, personal information.</p>\n<p style=\"padding-left: 30px;\">Step 4: Choose the appropriate payment method</p>', '<p>&nbsp;</p>\n<p><img src=\"photos/shares/trợ gi&uacute;p/2-5-2018 1-36-06 PM.jpg\" alt=\"\" width=\"551\" height=\"257\" /><img src=\"photos/shares/3-1-2018 3-16-55 PM.jpg\" alt=\"\" width=\"610\" height=\"271\" /></p>\n<p>Quy tr&igrave;nh đặt xe của Hanoi Transfer rất đơn giản:</p>\n<p style=\"padding-left: 30px;\">Bước 1: Nhập địa điểm đ&oacute;n v&agrave; thời gian đặt xe.</p>\n<p style=\"text-align: left; padding-left: 30px;\">Bước 2: Chọn loại xe ph&ugrave; hợp với h&agrave;nh tr&igrave;nh.</p>\n<p style=\"padding-left: 30px;\">Bước 3: Điền đầy đủ th&ocirc;ng tin chuyến bay v&agrave; th&ocirc;ng tin c&aacute; nh&acirc;n của qu&yacute; kh&aacute;ch.</p>\n<p style=\"padding-left: 30px;\">Bước 4: Chọn phương thức thanh to&aacute;n ph&ugrave; hợp</p>\n<p style=\"padding-left: 30px;\">&nbsp;</p>', '2018-02-02 11:37:24', '2018-03-01 15:18:42');
INSERT INTO helps VALUES ('2', 'Term', 'Điều khoản', '<p class=\"c4\"><span class=\"c1 c16\">Google AdSense Online Terms of Service</span></p>\n<p class=\"c2\">&nbsp;</p>\n<p class=\"c4\"><span class=\"c1\">1.</span><span class=\"c3 c6\">&nbsp; &nbsp;</span>&nbsp;<span class=\"c1\">Welcome to AdSense!</span></p>\n<p class=\"c2\">&nbsp;</p>\n<p class=\"c4\"><span class=\"c3\">Thanks for your interest in our search and advertising services (the &ldquo;</span><span class=\"c1\">Services</span><span class=\"c3\">&rdquo;)! &nbsp;</span></p>\n<p class=\"c4\"><span class=\"c3\">By using our Services, you agree to these terms (the &ldquo;</span><span class=\"c1\">AdSense Terms</span><span class=\"c3\">&rdquo;), the</span><span class=\"c3\">&nbsp;</span><span class=\"c7 c3\">AdSense Program Policies</span><span class=\"c3\">&nbsp;and the</span><span class=\"c3\">&nbsp;</span><span class=\"c7 c3\">Google Branding Guidelines</span><span class=\"c3\">&nbsp; (collectively, the &ldquo;</span><span class=\"c1\">Agreement</span><span class=\"c3\">&rdquo;). If ever in conflict, to the extent of such conflict, the AdSense Terms will take precedence over any other terms of the Agreement. &nbsp;Please read the Agreement carefully.</span></p>\n<p class=\"c4\"><span class=\"c3\">As used in the Agreement, &ldquo;you&rdquo; or &ldquo;publisher&rdquo; means the individual or entity using the Services (and/or any individual, entity or successor entity, agency or network acting on your behalf), &ldquo;we,&rdquo; &ldquo;us&rdquo; or &ldquo;Google&rdquo; means Google Inc., and the &ldquo;parties&rdquo; means you and Google. &nbsp;</span></p>\n<p class=\"c2\">&nbsp;</p>\n<p class=\"c4\"><span class=\"c1\">2.</span><span class=\"c3 c6\">&nbsp; &nbsp;</span>&nbsp;<span class=\"c1\">Access to the Services; AdSense Accounts</span></p>\n<p class=\"c2\">&nbsp;</p>\n<p class=\"c4\"><span class=\"c3\">Your use of the Services is subject to your creation and our approval of an AdSense account (an &ldquo;</span><span class=\"c1\">Account</span><span class=\"c3\">&rdquo;). &nbsp;We have the right to refuse or limit your access to the Services. By submitting an application to use the Services, if you are an individual, you represent that you are at least 18 years of age. &nbsp;You may only have one Account. &nbsp;</span></p>\n<p class=\"c4\"><span class=\"c3\">By enrolling in AdSense, you permit Google to serve, as applicable, (i) advertisements and other content (&ldquo;</span><span class=\"c1\">Ads</span><span class=\"c3\">&rdquo;), (ii) Google search boxes and search results, and (iii) related search queries and other links to your websites, mobile applications, media players, mobile content, and/or other properties approved by Google (each individually a &ldquo;</span><span class=\"c1\">Property</span><span class=\"c3\">&rdquo;). &nbsp;In addition, you grant Google the right to access, index and cache the Properties, or any portion thereof, including by automated means. Google may refuse to provide the Services to any Property.</span></p>\n<p class=\"c4\"><span class=\"c3\">Any Property that is a software application and accesses our Services (a) may require preapproval by Google in writing, and (b) must comply with Google&rsquo;s</span><span class=\"c3\">&nbsp;</span><span class=\"c7 c3\">Software Principles</span><span class=\"c3\">.</span></p>\n<p class=\"c2\">&nbsp;</p>\n<p class=\"c4\"><span class=\"c1\">3.</span><span class=\"c3 c6\">&nbsp; &nbsp;</span>&nbsp;<span class=\"c1\">Using our Services</span></p>\n<p class=\"c2\">&nbsp;</p>\n<p class=\"c4\"><span class=\"c3\">You may use our Services only as permitted by this Agreement and any applicable laws. &nbsp;Don&rsquo;t misuse our Services. For example, don&rsquo;t interfere with our Services or try to access them using a method other than the interface and the instructions that we provide.</span></p>\n<p class=\"c4\"><span class=\"c3\">You may discontinue your use of any Service at any time by removing the relevant code from your Properties. &nbsp;</span></p>\n<p class=\"c2\">&nbsp;</p>\n<p class=\"c4\"><span class=\"c1\">4.</span><span class=\"c3 c6\">&nbsp; &nbsp;</span>&nbsp;<span class=\"c1\">Changes to our Services; Changes to the Agreement</span></p>\n<p class=\"c2\">&nbsp;</p>\n<p class=\"c4\"><span class=\"c3\">We are constantly changing and improving our Services. We may add or remove functionalities or features of the Services at any time, and we may suspend or stop a Service altogether.</span></p>\n<p class=\"c4\"><span class=\"c3\">We may modify the Agreement at any time. We&rsquo;ll post any modifications to the AdSense Terms on this page and any modifications to the AdSense Program Policies or the Google Branding Guidelines on their respective pages. &nbsp;Changes will not apply retroactively and generally will become effective 14 days after they are posted. However, changes addressing new functions for a Service or changes made for legal reasons will be effective immediately. If you don&rsquo;t agree to any modified terms in the Agreement, you&rsquo;ll have to stop using the affected Services.</span></p>\n<p class=\"c2\">&nbsp;</p>\n<p class=\"c4\"><span class=\"c1\">5.</span><span class=\"c3 c6\">&nbsp; &nbsp;</span>&nbsp;<span class=\"c1\">Payments</span></p>\n<p class=\"c2\">&nbsp;</p>\n<p class=\"c4\"><span class=\"c3\">Subject to this Section 5 and Section 10 of these AdSense Terms, you will receive a payment related to the number of valid clicks on Ads displayed on your Properties, the number of valid impressions of Ads displayed on your Properties, or other valid events performed in connection with the display of Ads on your Properties, in each case as determined by Google. &nbsp;</span></p>\n<p class=\"c4\"><span class=\"c3\">Except in the event of termination, we will pay you by the end of the calendar month following any calendar month in which the earned balance in your Account equals or exceeds the applicable</span>&nbsp;<span class=\"c7 c3\">payment threshold</span><span class=\"c3\">. &nbsp;If you implement search Services, our payments may be offset by any applicable fees for such Services.</span></p>\n<p class=\"c4\"><span class=\"c3\">Unless expressly authorized in writing by Google, you may not enter into any type of arrangement with a third party where that third party receives payments made to you under the Agreement or other financial benefit in relation to the Services.</span></p>\n<p class=\"c4\"><span class=\"c3\">Payments will be calculated solely based on our accounting. Payments to you may be withheld to reflect or adjusted to exclude any amounts refunded or credited to advertisers and any amounts arising from invalid activity, as determined by Google in its sole discretion. &nbsp;Invalid activity is determined by Google in all cases and includes, but is not limited to, (i) spam, invalid queries, invalid impressions or invalid clicks on Ads generated by any person, bot, automated program or similar device, including through any clicks or impressions originating from your IP addresses or computers under your control; (ii) clicks solicited or impressions generated by payment of money, false representation, or requests for end users to click on Ads or take other actions; (iii) Ads served to end users whose browsers have JavaScript disabled; and (iv) clicks or impressions co-mingled with a significant amount of the activity described in (i, ii, and iii) above.</span><span class=\"c3 c9\">&nbsp;</span><span class=\"c3 c14\">&nbsp;</span></p>\n<p class=\"c4\"><span class=\"c3\">In addition to our other rights and remedies, we may (a) withhold and offset any payments owed to you under the Agreement against any fees you owe us under the Agreement or any other agreement, or (b) require you to refund us within 30 days of any invoice, any amounts we may have overpaid to you in prior periods. &nbsp;If you dispute any payment made or withheld relating to the Services, you must notify Google in writing within 30 days of any such payment. &nbsp;If you do not, any claim relating to the disputed payment is waived. &nbsp;If an advertiser whose Ads are displayed on any Property defaults on payment to Google, we may withhold payment or charge back your account.</span></p>\n<p class=\"c4\"><span class=\"c3\">To ensure proper payment, you are responsible for providing and maintaining accurate contact and payment information in your Account. &nbsp;You are responsible for any charges assessed by your bank or payment provider.</span></p>\n<p class=\"c2\">&nbsp;</p>\n<p class=\"c4\"><span class=\"c1\">6.</span><span class=\"c3 c6\">&nbsp;</span><span class=\"c1\">Taxes</span></p>\n<p class=\"c2\">&nbsp;</p>\n<p class=\"c4\"><span class=\"c3\">As between you and Google, Google is responsible for all taxes (if any) associated with the transactions between Google and advertisers in connection with Ads displayed on the Properties. &nbsp;You are responsible for all taxes (if any) associated with the Services, other than taxes based on Google&rsquo;s net income. &nbsp;All payments to you from Google in relation to the Services will be treated as inclusive of tax (if applicable) and will not be adjusted. &nbsp;</span></p>\n<p class=\"c2\">&nbsp;</p>\n<p class=\"c4\"><span class=\"c1\">7.</span><span class=\"c3 c6\">&nbsp; &nbsp;</span>&nbsp;<span class=\"c1\">Intellectual Property; Brand Features</span></p>\n<p class=\"c2\">&nbsp;</p>\n<p class=\"c4\"><span class=\"c3\">Other than as set out expressly in the Agreement, neither party will acquire any right, title or interest in any intellectual property rights belonging to the other party or to the other party&rsquo;s licensors.</span></p>\n<p class=\"c4\"><span class=\"c3\">If Google provides you with software in connection with the Services, we grant you a &nbsp;non-exclusive, non-sublicensable license for use of such software. &nbsp;This license is for the sole purpose of enabling you to use and enjoy the benefit of the Services as provided by Google, in the manner permitted by the Agreement. &nbsp;Other than distributing content via the AdMob SDK, you may not copy, modify, distribute, sell, or lease any part of our Services or included software, nor may you reverse engineer or attempt to extract the source code of that software, unless laws prohibit those restrictions or you have our written permission. &nbsp;You will not remove, obscure, or alter Google\'s copyright notice, Brand Features, or other proprietary rights notices affixed to or contained within any Google services, software, or documentation.</span></p>\n<p class=\"c4\"><span class=\"c3\">We grant you a non-exclusive, non-sublicensable license to use Google&rsquo;s trade names, trademarks, service marks, logos, domain names, and other distinctive brand features (&ldquo;</span><span class=\"c1\">Brand Features</span><span class=\"c3\">&rdquo;) solely in connection with your use of the Services and in accordance with the Agreement and the Google Branding Guidelines. &nbsp;We may revoke this license at any time. &nbsp;Any goodwill arising from your use of Google&rsquo;s Brand Features will belong to Google.</span></p>\n<p class=\"c4\"><span class=\"c3\">We may include your name and Brand Features in our presentations, marketing materials, customer lists and financial reports.</span></p>\n<p class=\"c2\">&nbsp;</p>\n<p class=\"c4\"><span class=\"c1\">8.</span><span class=\"c3 c6\">&nbsp; &nbsp;</span>&nbsp;<span class=\"c1\">Privacy</span></p>\n<p class=\"c2\">&nbsp;</p>\n<p class=\"c4\"><span class=\"c3\">Our</span><span class=\"c3 c8\">&nbsp;</span><span class=\"c3 c15\">privacy policy</span><span class=\"c8 c3\">&nbsp;</span><span class=\"c3\">explains how we treat your personal data and protect your privacy when you use our Services. By using our Services, you agree that Google can use such data in accordance with our privacy policy.</span></p>\n<p class=\"c4\"><span class=\"c3\">You will ensure that at all times you use the Services, the Properties have a clearly labeled and easily accessible privacy policy that provides end users with clear and comprehensive information about cookies, device-specific information, location information and other information stored on, accessed on, or collected from end users&rsquo; devices in connection with the Services, including, as applicable, information about end users&rsquo; options for cookie management. &nbsp;You will use commercially reasonable efforts to ensure that an end user gives consent to the storing and accessing of cookies, device-specific information, location information or other information on the end user\'s device in connection with the Services where such consent is required by law.</span></p>\n<p class=\"c2\">&nbsp;</p>\n<p class=\"c4\"><span class=\"c1\">9.</span><span class=\"c3 c6\">&nbsp; &nbsp;</span>&nbsp;<span class=\"c1\">Confidentiality</span></p>\n<p class=\"c2\">&nbsp;</p>\n<p class=\"c4\"><span class=\"c3\">You agree not to disclose Google Confidential Information without our prior written consent. \"</span><span class=\"c1\">Google Confidential Information</span><span class=\"c3\">\" includes: (a) all Google software, technology and documentation relating to the Services; (b) click-through rates or other statistics relating to Property performance as pertaining to the Services; (c) the existence of, and information about, beta features in a Service; and (d) any other information made available by Google that is marked confidential or would normally be considered confidential under the circumstances in which it is presented. &nbsp;Google Confidential Information does not include information that you already knew prior to your use of the Services, that becomes public through no fault of yours, that was independently developed by you, or that was lawfully given to you by a third party. &nbsp;Notwithstanding this Section 9, you may accurately disclose the amount of Google&rsquo;s gross payments resulting from your use of the Services. &nbsp;</span></p>\n<p class=\"c2\">&nbsp;</p>\n<p class=\"c4\"><span class=\"c1\">10.</span><span class=\"c3 c6\">&nbsp;</span><span class=\"c1\">Termination</span></p>\n<p class=\"c2\">&nbsp;</p>\n<p class=\"c4\"><span class=\"c3\">You may terminate the Agreement at any time by completing the</span><span class=\"c3\">&nbsp;</span><span class=\"c7 c3\">account cancellation process</span><span class=\"c3\">. &nbsp;The Agreement will be considered terminated within 10 business days of Google\'s receipt of your notice. &nbsp; If you terminate the Agreement and your earned balance equals or exceeds the applicable</span>&nbsp;<span class=\"c3 c7\">threshold</span><span class=\"c3\">, we will pay you your earned balance within approximately 90 days after the end of the calendar month in which the Agreement is terminated. &nbsp;Any earned balance below the applicable</span>&nbsp;<span class=\"c7 c3\">threshold</span><span class=\"c3\">&nbsp;will remain unpaid.</span></p>\n<p class=\"c4\"><span class=\"c3\">Google may at any time terminate the Agreement, or suspend or terminate the participation of any Property in the Services for any reason. &nbsp;If we terminate the Agreement due to your breach or due to invalid activity, we may withhold unpaid amounts or charge back your account. If you breach the Agreement or Google suspends or terminates your Account, you (i) will not be allowed to create a new Account, and (ii) may not be permitted to monetize content on other Google products.</span></p>\n<p class=\"c4\">&nbsp;</p>\n<p class=\"c4\">&nbsp;</p>', '<p class=\"c1\" style=\"text-align: left;\"><span class=\"c0 c2\">Điều khoản Dịch vụ Trực tuyến Google AdSense</span></p>\n<p class=\"c1\" style=\"text-align: left;\"><span class=\"c0\">Cập nhật cuối c&ugrave;ng v&agrave;o ng&agrave;y 2013-11-02.</span></p>\n<p class=\"c1\" style=\"text-align: left;\"><span class=\"c0 c2\">1.</span><span class=\"c5\">&nbsp;&nbsp;&nbsp;&nbsp;&nbsp;&nbsp;&nbsp;&nbsp;&nbsp;</span><span class=\"c0 c2\">Ch&agrave;o mừng bạn đến với AdSense!</span></p>\n<p class=\"c1\" style=\"text-align: left;\"><span class=\"c0\">Cảm ơn bạn đ&atilde; quan t&acirc;m đến c&aacute;c dịch vụ t&igrave;m kiếm v&agrave; quảng c&aacute;o của ch&uacute;ng t&ocirc;i (sau đ&acirc;y gọi tắt l&agrave; &ldquo;</span><span class=\"c0 c2\">C&aacute;c Dịch Vụ</span><span class=\"c0\">&rdquo;)!</span></p>\n<p class=\"c1\" style=\"text-align: left;\"><span class=\"c0\">Khi sử dụng C&aacute;c Dịch Vụ của ch&uacute;ng t&ocirc;i, bạn đồng &yacute; với c&aacute;c điều khoản n&agrave;y (sau đ&acirc;y gọi tắt l&agrave; &ldquo;</span><span class=\"c0 c2\">C&aacute;c Điều Khoản AdSense</span><span class=\"c0\">&rdquo;), v&agrave;</span><span class=\"c0\">&nbsp;</span><span class=\"c6 c0\">C&aacute;c Ch&iacute;nh s&aacute;ch về Chương tr&igrave;nh AdSense</span><span class=\"c0\">, v&agrave;</span><span class=\"c0\">&nbsp;</span><span class=\"c6 c0\">Nguy&ecirc;n tắc Thương hiệu Google</span><span class=\"c0\">&nbsp;(sau đ&acirc;y gọi tắt l&agrave; &ldquo;</span><span class=\"c0 c2\">Thỏa thuận</span><span class=\"c0\">&rdquo;). Trong trường hợp xảy ra xung đột, tới chừng mực của xung đột như vậy, C&aacute;c Điều Khoản AdSense sẽ chiếm ưu thế hơn so với c&aacute;c điều khoản kh&aacute;c của Thỏa thuận. H&atilde;y đọc Thỏa thuận thật kỹ lưỡng.</span></p>\n<p class=\"c1\" style=\"text-align: left;\"><span class=\"c0\">Như được sử dụng trong Thỏa thuận n&agrave;y, &ldquo;bạn&rdquo; hay &ldquo;nh&agrave; xuất bản&rdquo; c&oacute; nghĩa l&agrave; bất cứ c&aacute; nh&acirc;n hay đo&agrave;n thể n&agrave;o sử dụng C&aacute;c Dịch Vụ (v&agrave;/hoặc bất cứ c&aacute; nh&acirc;n, đo&agrave;n thể hay đo&agrave;n thể kế nhiệm, cơ quan hay mạng lưới n&agrave;o h&agrave;nh động đại diện cho bạn), &ldquo;ch&uacute;ng t&ocirc;i&rdquo; hay &ldquo;Google&rdquo; c&oacute; nghĩa l&agrave; C&ocirc;ng ty TNHH Google Ch&acirc;u &Aacute; Th&aacute;i B&igrave;nh Dương (Google Asia Pacific Pte. Ltd.), v&agrave; &ldquo;c&aacute;c b&ecirc;n&rdquo; c&oacute; nghĩa l&agrave; bạn v&agrave; Google.</span></p>\n<p class=\"c1\" style=\"text-align: left;\"><span class=\"c0 c2\">2.</span><span class=\"c5\">&nbsp;&nbsp;&nbsp;&nbsp;&nbsp;&nbsp;&nbsp;&nbsp;&nbsp;</span><span class=\"c0 c2\">Tiếp cận tới C&aacute;c Dịch Vụ; T&agrave;i khoản AdSense</span></p>\n<p class=\"c1\" style=\"text-align: left;\"><span class=\"c0\">Hoạt động sử dụng C&aacute;c Dịch Vụ của bạn t&ugrave;y thuộc v&agrave;o việc bạn tạo ra v&agrave; ch&uacute;ng t&ocirc;i ph&ecirc; chuẩn một t&agrave;i khoản AdSense (sau đ&acirc;y gọi l&agrave; &ldquo;</span><span class=\"c0 c2\">T&agrave;i khoản</span><span class=\"c0\">&rdquo;). Ch&uacute;ng t&ocirc;i c&oacute; quyền từ chối hoặc giới hạn khả năng tiếp cận của bạn tới C&aacute;c Dịch Vụ. Khi bạn nộp đơn xin sử dụng C&aacute;c Dịch Vụ, nếu bạn l&agrave; một c&aacute; nh&acirc;n, bạn phải đảm bảo rằng tuổi của bạn phải từ 18 tuổi trở l&ecirc;n. Bạn chỉ c&oacute; thể sở hữu một T&agrave;i khoản.</span></p>\n<p class=\"c1\" style=\"text-align: left;\"><span class=\"c0\">Khi tham gia v&agrave;o AdSense, bạn cho ph&eacute;p Google cung cấp, khi th&iacute;ch hợp, (i) c&aacute;c nội dung quảng c&aacute;o v&agrave; những nội dung kh&aacute;c (sau đ&acirc;y gọi tắt l&agrave; &ldquo;</span><span class=\"c0 c2\">Quảng c&aacute;o</span><span class=\"c0\">&rdquo;), (ii) c&aacute;c &ocirc; t&igrave;m kiếm Google v&agrave; c&aacute;c kết quả t&igrave;m kiếm, v&agrave; (iii) những y&ecirc;u cầu t&igrave;m kiếm li&ecirc;n quan v&agrave; những đường dẫn kh&aacute;c tới c&aacute;c trang web của bạn, c&aacute;c ứng dụng di động, c&aacute;c tr&igrave;nh ph&aacute;t đa phương tiện, nội dung di động, v&agrave;/hoặc những thuộc t&iacute;nh kh&aacute;c được Google ph&ecirc; chuẩn (từng mục được gọi l&agrave; một &ldquo;</span><span class=\"c0 c2\">C&ocirc;ng cụ Trực tuyến</span><span class=\"c0\">&rdquo;). Ngo&agrave;i ra, bạn cho Google quyền truy cập, tạo chỉ mục v&agrave; lưu trữ c&aacute;c C&ocirc;ng cụ Trực tuyến, hay bất cứ phần n&agrave;o từ c&ocirc;ng cụ trực tuyến đ&oacute;, kể cả những nội dung được xử l&yacute; bởi bất cứ phương tiện tự động n&agrave;o. Google c&oacute; thể từ chối cung cấp C&aacute;c Dịch Vụ cho bất cứ C&ocirc;ng cụ Trực tuyến n&agrave;o.</span></p>\n<p class=\"c1\" style=\"text-align: left;\"><span class=\"c0\">Bất cứ C&ocirc;ng cụ Trực tuyến &nbsp;n&agrave;o l&agrave; một ứng dụng phần mềm v&agrave; truy cập v&agrave;o C&aacute;c Dịch Vụ của ch&uacute;ng t&ocirc;i (a) c&oacute; thể cần phải được Google ph&ecirc; chuẩn trước bằng văn bản, v&agrave; (b) phải tu&acirc;n theo</span><span class=\"c0\">&nbsp;</span><span class=\"c6 c0\">C&aacute;c Nguy&ecirc;n Tắc về Phần Mềm</span><span class=\"c0\">&nbsp;của Google</span></p>\n<p class=\"c1\" style=\"text-align: left;\"><span class=\"c0 c2\">3.</span><span class=\"c5\">&nbsp;&nbsp;&nbsp;&nbsp;&nbsp;&nbsp;&nbsp;&nbsp;&nbsp;</span><span class=\"c0 c2\">Sử dụng C&aacute;c Dịch Vụ</span></p>\n<p class=\"c1 c10\" style=\"text-align: left;\"><span class=\"c0 c4\">Bạn chỉ c&oacute; thể sử dụng C&aacute;c Dịch Vụ của ch&uacute;ng t&ocirc;i được Thỏa thuận n&agrave;y v&agrave; bất cứ điều luật hiện h&agrave;nh n&agrave;o cho ph&eacute;p. Kh&ocirc;ng được sử dụng sai C&aacute;c Dịch Vụ của ch&uacute;ng t&ocirc;i. V&iacute; dụ, kh&ocirc;ng g&acirc;y trở ngại cho C&aacute;c Dịch Vụ của ch&uacute;ng t&ocirc;i hay cố tiếp cận dịch vụ bằng c&aacute;ch sử dụng một phương ph&aacute;p kh&aacute;c với giao diện v&agrave; những t&agrave;i liệu hướng dẫn m&agrave; ch&uacute;ng t&ocirc;i cung cấp.</span></p>\n<p class=\"c1 c10\" style=\"text-align: left;\"><span class=\"c0 c4\">Bạn c&oacute; thể ngừng sử dụng bất cứ Dịch Vụ n&agrave;o v&agrave;o bất kỳ l&uacute;c n&agrave;o bằng c&aacute;ch x&oacute;a bỏ m&atilde; li&ecirc;n quan khỏi C&ocirc;ng cụ Trực tuyến của bạn.</span></p>\n<p class=\"c1\" style=\"text-align: left;\"><span class=\"c0 c2\">4.</span><span class=\"c5\">&nbsp;&nbsp;&nbsp;&nbsp;&nbsp;&nbsp;&nbsp;&nbsp;&nbsp;</span><span class=\"c0 c2\">Thay đổi đối với C&aacute;c Dịch Vụ của ch&uacute;ng t&ocirc;i; Thay đổi đối với Thỏa thuận</span></p>\n<p class=\"c1 c10\" style=\"text-align: left;\"><span class=\"c0 c4\">Ch&uacute;ng t&ocirc;i li&ecirc;n tục thay đổi v&agrave; cải thiện C&aacute;c Dịch Vụ của m&igrave;nh. Ch&uacute;ng t&ocirc;i c&oacute; thể th&ecirc;m hay bớt c&aacute;c chức năng hay đặc t&iacute;nh của C&aacute;c Dịch Vụ v&agrave;o bất cứ l&uacute;c n&agrave;o, v&agrave; ch&uacute;ng t&ocirc;i c&oacute; thể ngưng hay dừng to&agrave;n to&agrave;n một Dịch Vụ n&agrave;o đ&oacute;.</span></p>\n<p class=\"c1\" style=\"text-align: left;\"><span class=\"c0\">Ch&uacute;ng t&ocirc;i c&oacute; thể sửa đổi Thỏa thuận v&agrave;o bất cứ l&uacute;c n&agrave;o. Ch&uacute;ng t&ocirc;i sẽ đăng tải bất cứ sửa đổi n&agrave;o đối với C&aacute;c Điều Khoản AdSense tr&ecirc;n trang n&agrave;y v&agrave; bất cứ sửa đổi n&agrave;o đối với C&aacute;c Ch&iacute;nh s&aacute;ch về Chương tr&igrave;nh AdSense hay Nguy&ecirc;n tắc Thương hiệu Google tr&ecirc;n c&aacute;c trang tương ứng. Những thay đổi sẽ kh&ocirc;ng được &aacute;p dụng đối với c&aacute;c nội dung trở về trước v&agrave; thường sẽ c&oacute; hiệu lực sau 30 ng&agrave;y t&iacute;nh từ ng&agrave;y được đăng tải. Tuy nhi&ecirc;n, những thay đổi đề cập đến những t&iacute;nh năng mới đối với một Dịch Vụ n&agrave;o đ&oacute; hay những thay đổi để phục vụ cho c&aacute;c mục đ&iacute;ch ph&aacute;p l&yacute; sẽ c&oacute; thể c&oacute; hiệu lực tức th&igrave;. Nếu bạn kh&ocirc;ng đồng &yacute; với bất cứ điều khoản sửa đổi n&agrave;o trong Thỏa thuận n&agrave;y, bạn sẽ phải dừng sử dụng C&aacute;c Dịch Vụ được cập nhật đ&oacute;.</span></p>\n<p class=\"c1\" style=\"text-align: left;\"><span class=\"c0 c2\">5.</span><span class=\"c5\">&nbsp;&nbsp;&nbsp;&nbsp;&nbsp;&nbsp;&nbsp;&nbsp;&nbsp;</span><span class=\"c0 c2\">Thanh to&aacute;n</span></p>\n<p class=\"c1\" style=\"text-align: left;\"><span class=\"c0\">T&ugrave;y thuộc v&agrave;o Phần 5 v&agrave; Phần 10 của C&aacute;c Điều Khoản AdSense n&agrave;y, bạn sẽ nhận được một khoản thanh to&aacute;n li&ecirc;n quan tới số lần nhấp c&oacute; hiệu lực l&ecirc;n những Quảng c&aacute;o được hiển thị tr&ecirc;n c&aacute;c C&ocirc;ng cụ Trực tuyến của bạn, số lần hiển thị c&oacute; hiệu lực của c&aacute;c Quảng c&aacute;o được hiển thị tr&ecirc;n c&aacute;c C&ocirc;ng cụ Trực tuyến của bạn, hoặc những sự kiện hợp lệ kh&aacute;c được thực hiện li&ecirc;n quan tới việc hiển thị c&aacute;c mục Quảng c&aacute;o tr&ecirc;n c&aacute;c C&ocirc;ng cụ Trực tuyến của bạn, theo từng trường hợp do Google x&aacute;c định.</span></p>\n<p class=\"c1\" style=\"text-align: left;\"><span class=\"c0\">Trừ trường hợp chấm dứt thỏa thuận, ch&uacute;ng t&ocirc;i sẽ thanh to&aacute;n cho bạn v&agrave;o cuối th&aacute;ng sau bất cứ th&aacute;ng n&agrave;o c&oacute; ph&aacute;t sinh số dư trong T&agrave;i khoản của bạn bằng hoặc tr&ecirc;n ngưỡng thanh to&aacute;n được &aacute;p dụng. Nếu bạn c&agrave;i đặt c&aacute;c Dịch Vụ t&igrave;m kiếm, c&aacute;c khoản thanh to&aacute;n từ ch&uacute;ng t&ocirc;i cho bạn c&oacute; thể phải trừ đi bất cứ khoản ph&iacute; n&agrave;o phải thu đối với c&aacute;c Dịch Vụ t&igrave;m kiếm đ&oacute;.</span></p>\n<p class=\"c1\" style=\"text-align: left;\"><span class=\"c0\">Trừ khi được Google cho ph&eacute;p r&otilde; r&agrave;ng bằng văn bản, bạn kh&ocirc;ng được ph&eacute;p tham gia v&agrave;o bất cứ h&igrave;nh thức thỏa thuận n&agrave;o với một b&ecirc;n thứ ba theo đ&oacute; b&ecirc;n thứ ba nhận được c&aacute;c khoản tiền được thanh to&aacute;n cho bạn theo Thỏa thuận n&agrave;y hoặc những lợi &iacute;ch t&agrave;i ch&iacute;nh kh&aacute;c li&ecirc;n quan tới C&aacute;c Dịch Vụ.</span></p>\n<p class=\"c1 c10\" style=\"text-align: left;\"><span class=\"c0 c4\">C&aacute;c khoản thanh to&aacute;n sẽ được t&iacute;nh to&aacute;n ho&agrave;n to&agrave;n dựa theo số liệu kế to&aacute;n của ch&uacute;ng t&ocirc;i. Những khoản thanh to&aacute;n cho bạn c&oacute; thể bị giữ lại để ho&agrave;n trả hoặc được điều chỉnh để trừ đi bất cứ khoản tiền n&agrave;o phải ho&agrave;n trả hoặc ghi c&oacute; cho b&ecirc;n quảng c&aacute;o v&agrave; bất cứ khoản tiền n&agrave;o ph&aacute;t sinh từ hoạt động kh&ocirc;ng c&oacute; hiệu lực ho&agrave;n to&agrave;n tu&acirc;n theo sự suy x&eacute;t của Google. Hoạt động kh&ocirc;ng c&oacute; hiệu lực được Google x&aacute;c định l&agrave; trong tất cả c&aacute;c trường hợp v&agrave; bao gồm, nhưng kh&ocirc;ng giới hạn v&agrave;o, (i) c&aacute;c y&ecirc;u cầu spam, c&aacute;c y&ecirc;u cầu kh&ocirc;ng hợp lệ, những lần hiển thị kh&ocirc;ng c&oacute; hiệu quả hay những lần nhấp kh&ocirc;ng c&oacute; hiệu quả v&agrave;o c&aacute;c mục Quảng c&aacute;o được tạo bởi bất cứ &nbsp;người, r&ocirc;bốt, chương tr&igrave;nh tự động hay thiết bị tuơng tự, kể cả bất cứ lần nhấp hay hiển thị n&agrave;o xuất ph&aacute;t từ c&aacute;c địa chỉ IP của bạn hay từ c&aacute;c m&aacute;y t&iacute;nh do bạn kiểm so&aacute;t; (ii) những lần nhấp do l&ocirc;i k&eacute;o hay những lần hiển thị được tạo ra bởi quy tr&igrave;nh thanh to&aacute;n tiền, những diễn giải sai, hay những y&ecirc;u cầu đối với người d&ugrave;ng cuối phải nhấp v&agrave;o c&aacute;c mục Quảng c&aacute;o hay thực hiện c&aacute;c h&agrave;nh động kh&aacute;c; (iii) những Quảng c&aacute;o được cung cấp cho người d&ugrave;ng cuối sử dụng những tr&igrave;nh duyệt kh&ocirc;ng cho k&iacute;ch hoạt JavaScript; v&agrave; (iv) những lần nhấp hay lần hiển thị được phối hợp lẫn với một lượng lớn c&aacute;c hoạt động được m&ocirc; tả trong c&aacute;c mục tr&ecirc;n đ&acirc;y (mục i, ii, v&agrave; iii).</span></p>\n<p class=\"c1 c10\" style=\"text-align: left;\"><span class=\"c0 c4\">Ngo&agrave;i c&aacute;c quyền v&agrave; chế t&agrave;i kh&aacute;c của ch&uacute;ng t&ocirc;i, ch&uacute;ng t&ocirc;i c&oacute; thể (a) giữ lại v&agrave; b&ugrave; trừ bất cứ khoản thanh to&aacute;n n&agrave;o được chuyển tới bạn theo Thỏa thuận n&agrave;y với bất cứ khoản ph&iacute; n&agrave;o m&agrave; bạn phải trả cho ch&uacute;ng t&ocirc;i theo Thỏa thuận n&agrave;y hay bất cứ thỏa thuận n&agrave;o kh&aacute;c, hoặc (b) y&ecirc;u cầu bạn phải ho&agrave;n trả lại cho ch&uacute;ng t&ocirc;i trong v&ograve;ng 30 ng&agrave;y kể từ ng&agrave;y ghi tr&ecirc;n h&oacute;a đơn, bất cứ khoản tiền n&agrave;o m&agrave; ch&uacute;ng t&ocirc;i đ&atilde; thanh to&aacute;n qu&aacute; cho bạn trước c&aacute;c khoảng thời gian n&agrave;y. Nếu bạn phản đối bất cứ khoản thanh to&aacute;n n&agrave;o được thực hiện hoặc bị giữ lại li&ecirc;n quan tới C&aacute;c Dịch Vụ, bạn phải th&ocirc;ng b&aacute;o cho Google bằng văn bản trong v&ograve;ng 30 ng&agrave;y kể từ ng&agrave;y nhận được bất cứ khoản thanh to&aacute;n n&agrave;o như thế. Nếu bạn kh&ocirc;ng c&oacute; phản hồi trong khoảng thời gian kể tr&ecirc;n, bất cứ khiếu nại n&agrave;o li&ecirc;n quan tới khoản thanh to&aacute;n bạn phản đối sẽ bị khước từ. Nếu một b&ecirc;n quảng c&aacute;o c&oacute; những mục Quảng c&aacute;o được hiển thị tr&ecirc;n bất cứ C&ocirc;ng cụ Trực tuyến n&agrave;o kh&ocirc;ng thực hiện nghĩa vụ thanh to&aacute;n cho Google, ch&uacute;ng t&ocirc;i c&oacute; thể giữ lại khoản thanh to&aacute;n cho bạn hay thu ph&iacute; v&agrave;o t&agrave;i khoản của bạn để b&ugrave; trừ.</span></p>\n<p class=\"c1\" style=\"text-align: left;\"><span class=\"c0\">Để đảm bảo thanh to&aacute;n ch&iacute;nh x&aacute;c, bạn c&oacute; tr&aacute;ch nhiệm cung cấp v&agrave; cập nhật th&ocirc;ng tin li&ecirc;n lạc v&agrave; th&ocirc;ng tin thanh to&aacute;n ch&iacute;nh x&aacute;c trong T&agrave;i khoản của m&igrave;nh. Bạn chịu tr&aacute;ch nhiệm thanh to&aacute;n bất cứ khoản ph&iacute; n&agrave;o do ph&iacute;a ng&acirc;n h&agrave;ng hay nh&agrave; cung cấp dịch vụ thanh to&aacute;n của bạn thu.</span></p>\n<p class=\"c1\" style=\"text-align: left;\"><span class=\"c0 c2\">6.</span><span class=\"c5\">&nbsp;&nbsp;&nbsp;&nbsp;&nbsp;&nbsp;&nbsp;&nbsp;&nbsp;</span><span class=\"c0 c2\">Thuế</span></p>\n<p class=\"c1\" style=\"text-align: left;\"><span class=\"c0\">Theo thỏa thuận giữa bạn v&agrave; Google, Google chịu tr&aacute;ch nhiệm thanh to&aacute;n tất cả c&aacute;c khoản thuế (nếu c&oacute;) li&ecirc;n quan đến những giao dịch giữa Google v&agrave; c&aacute;c b&ecirc;n quảng c&aacute;o li&ecirc;n quan tới c&aacute;c Quảng c&aacute;o được hiển thị tr&ecirc;n c&aacute;c C&ocirc;ng cụ Trực tuyến. &nbsp;Bạn chịu tr&aacute;ch nhiệm đối với tất cả c&aacute;c khoản thuế (nếu c&oacute;) li&ecirc;n quan đến C&aacute;c Dịch Vụ, kh&aacute;c với c&aacute;c khoản thuế căn cứ theo thu nhập d&ograve;ng của Google. &nbsp;Tất cả c&aacute;c khoản thanh to&aacute;n cho bạn từ Google li&ecirc;n quan tới C&aacute;c Dịch Vụ sẽ được coi l&agrave; những khoản thanh to&aacute;n đ&atilde; bao gồm c&aacute;c khoản thu&ecirc; (nếu th&iacute;ch hợp) v&agrave; sẽ kh&ocirc;ng được điều chỉnh lại. Nếu Google c&oacute; nghĩa vụ phải giữ lại bất cứ khoản thuế n&agrave;o từ c&aacute;c khoản thanh to&aacute;n cho bạn, Google sẽ th&ocirc;ng b&aacute;o cho bạn về việc giữ lại n&agrave;y v&agrave; sẽ thực hiện thanh to&aacute;n số tiền thực trả của c&aacute;c khoản tiền bị giữ lại. Google sẽ cung cấp cho bạn c&aacute;c bản gốc hoặc bản sao c&oacute; x&aacute;c thực của c&aacute;c giao dịch thanh to&aacute;n tiền thuế (hoặc những chứng từ hợp lệ kh&aacute;c minh chứng cho c&aacute;c khoản thanh to&aacute;n tiền thuế) khi c&oacute; bất cứ khoản thanh to&aacute;n thu&ecirc; n&agrave;o được Google thực hiện.</span></p>\n<p class=\"c1\" style=\"text-align: left;\"><span class=\"c0 c2\">7.</span><span class=\"c5\">&nbsp;&nbsp;&nbsp;&nbsp;&nbsp;&nbsp;&nbsp;&nbsp;&nbsp;</span><span class=\"c0 c2\">Sở hữu Tr&iacute; tuệ; Đặc điểm Thương hiệu</span></p>\n<p class=\"c1\" style=\"text-align: left;\"><span class=\"c0\">Ngo&agrave;i những quyền hạn được n&ecirc;u r&otilde; trong Thỏa thuận n&agrave;y, kh&ocirc;ng b&ecirc;n n&agrave;o sẽ c&oacute; bất cứ quyền hạn, quyền sở hữu hay lợi &iacute;ch trong bất cứ quyền sở hữu tr&iacute; tuệ n&agrave;o thuộc về b&ecirc;n kia hay thuộc về c&aacute;c b&ecirc;n cấp ph&eacute;p của b&ecirc;n kia.</span></p>\n<p class=\"c1\" style=\"text-align: left;\"><span class=\"c0\">Nếu Google cung cấp cho bạn phần mềm li&ecirc;n quan đến C&aacute;c Dịch Vụ, ch&uacute;ng t&ocirc;i cấp cho bạn một giấy ph&eacute;p kh&ocirc;ng độc quyền, kh&ocirc;ng được cấp ph&eacute;p lại để sử dụng phần mềm đ&oacute;. Giấy ph&eacute;p n&agrave;y chỉ phục vụ cho mục đ&iacute;ch cho ph&eacute;p bạn sử dụng v&agrave; tận hưởng lợi &iacute;ch của C&aacute;c Dịch Vụ do Google cung cấp, theo phương thức được Thỏa thuận n&agrave;y cho ph&eacute;p. Ngo&agrave;i những nội dung truyền ph&aacute;t qua AdMob SDK, bạn kh&ocirc;ng được ph&eacute;p sao ch&eacute;p, chỉnh sửa, ph&acirc;n phối, b&aacute;n hay cho thu&ecirc; bất cứ phần n&agrave;o của C&aacute;c Dịch Vụ hay phần mềm k&egrave;m theo, hoặc bạn kh&ocirc;ng được ph&eacute;p đảo ngược thiết kế để xuất ra m&atilde; nguồn của phần mềm đ&oacute;, trừ khi luật ph&aacute;p cho ph&eacute;p những giới hạn đ&oacute; hoặc bạn c&oacute; sự cho ph&eacute;p bằng văn bản. Bạn sẽ kh&ocirc;ng được ph&eacute;p bỏ, che khuất, hay sửa đổi th&ocirc;ng b&aacute;o về bản quyền của Google, c&aacute;c Đặc điểm Thương hiệu, hay những th&ocirc;ng b&aacute;o về quyền sở hữu tr&iacute; tuệ kh&aacute;c được đ&iacute;nh k&egrave;m v&agrave;o hay được chứa đựng trong bất cứ dịch vụ, phần mềm hay t&agrave;i liệu n&agrave;o của Google.</span></p>\n<p class=\"c1\" style=\"text-align: left;\"><span class=\"c0\">Ch&uacute;ng t&ocirc;i cấp cho bạn một giấy ph&eacute;p kh&ocirc;ng độc quyền, kh&ocirc;ng được ph&eacute;p cấp lại để sử dụng c&aacute;c t&ecirc;n thương mại, nh&atilde;n hiệu thương mại, nh&atilde;n hiệu dịch vụ, biểu trưng, t&ecirc;n miền, v&agrave; những đặc điểm thương hiệu đặc biệt kh&aacute;c của Google (&ldquo;</span><span class=\"c0 c2\">Đặc điểm Thương hiệu</span><span class=\"c0\">&rdquo;) chỉ li&ecirc;n quan đến việc sử dụng C&aacute;c Dịch Vụ của bạn v&agrave; theo đ&uacute;ng với Thỏa thuận v&agrave; c&aacute;c Nguy&ecirc;n tắc Thương hiệu Google. Ch&uacute;ng t&ocirc;i c&oacute; thể hủy bỏ giấy ph&eacute;p n&agrave;y bất cứ l&uacute;c n&agrave;o. &nbsp;Bất cứ danh tiếng kinh doanh n&agrave;o ph&aacute;t sinh từ qu&aacute; tr&igrave;nh sử dụng Đặc điểm Thương hiệu của Google sẽ thuộc về Google.</span></p>\n<p class=\"c1\" style=\"text-align: left;\"><span class=\"c0\">Ch&uacute;ng t&ocirc;i c&oacute; thể đưa t&ecirc;n v&agrave; c&aacute;c Đặc điểm Thương hiệu của bạn v&agrave;o trong c&aacute;c b&agrave;i thuyết tr&igrave;nh, c&aacute;c t&agrave;i liệu tiếp thị, c&aacute;c danh s&aacute;ch kh&aacute;ch h&agrave;ng v&agrave; c&aacute;c b&aacute;o c&aacute;o t&agrave;i ch&iacute;nh của ch&uacute;ng t&ocirc;i.</span></p>\n<p class=\"c1\" style=\"text-align: left;\"><span class=\"c0 c2\">8.</span><span class=\"c5\">&nbsp;&nbsp;&nbsp;&nbsp;&nbsp;&nbsp;&nbsp;&nbsp;&nbsp;</span><span class=\"c0 c2\">Quyền Ri&ecirc;ng Tư</span></p>\n<p class=\"c1\" style=\"text-align: left;\"><span class=\"c0 c13\">&nbsp;</span><span class=\"c0 c11 c16\">Ch&iacute;nh s&aacute;ch về quyền ri&ecirc;ng tư</span><span class=\"c0 c13\">&nbsp;</span><span class=\"c0\">của ch&uacute;ng t&ocirc;i giải th&iacute;ch c&aacute;ch thức ch&uacute;ng t&ocirc;i xử l&yacute; c&aacute;c dữ liệu c&aacute; nh&acirc;n của bạn v&agrave; bảo vệ sự ri&ecirc;ng tư của bạn khi bạn sử dụng C&aacute;c Dịch Vụ của ch&uacute;ng t&ocirc;i. Khi sử dụng C&aacute;c Dịch Vụ của ch&uacute;ng t&ocirc;i, tức l&agrave; bạn đồng &yacute; rằng Google c&oacute; thể sử dụng những dữ liệu đ&oacute; theo đ&uacute;ng với ch&iacute;nh s&aacute;ch về quyền ri&ecirc;ng tư của ch&uacute;ng t&ocirc;i.</span></p>\n<p class=\"c1\" style=\"text-align: left;\"><span class=\"c0\">Bạn sẽ đảm bảo đảm rằng tại mọi thời điểm bạn sử dụng C&aacute;c Dịch Vụ, c&aacute;c C&ocirc;ng cụ Trực tuyến phải c&oacute; một ch&iacute;nh s&aacute;ch về quyền ri&ecirc;ng tư được đ&aacute;nh dấu r&otilde; r&agrave;ng v&agrave; dễ d&agrave;ng tiếp cận để cung cấp cho những người d&ugrave;ng cuối những th&ocirc;ng tin r&otilde; r&agrave;ng v&agrave; to&agrave;n diện về c&aacute;c cookies, th&ocirc;ng tin cụ thể theo thiết bị, th&ocirc;ng tin về địa điểm v&agrave; những th&ocirc;ng tin kh&aacute;c được lưu giữ tr&ecirc;n, được tiếp cận tr&ecirc;n, hay được thu thập từ c&aacute;c thiết bị của người d&ugrave;ng cuối li&ecirc;n quan tới C&aacute;c Dịch Vụ, bao gồm, khi th&iacute;ch hợp, những th&ocirc;ng tin về c&aacute;c t&ugrave;y chọn của người d&ugrave;ng cuối đối với việc quản l&yacute; cookie. Bạn sẽ vận dụng c&aacute;c nỗ lực hợp l&yacute; mang t&iacute;nh thương mại để đảm bảo rằng người d&ugrave;ng cuối đưa ra sự đồng thuận đối với việc lưu trữ v&agrave; tiếp cận c&aacute;c cookies, th&ocirc;ng tin cụ thể theo thiết bị, th&ocirc;ng tin về vị tr&iacute; hay những th&ocirc;ng tin kh&aacute;c tr&ecirc;n thiết bị của người d&ugrave;ng cuối li&ecirc;n quan tới C&aacute;c Dịch Vụ m&agrave; sự đồng thuận đ&oacute; cần phải c&oacute; theo y&ecirc;u cầu của luật ph&aacute;p.</span></p>\n<p class=\"c1\" style=\"text-align: left;\"><span class=\"c0 c2\">9.</span><span class=\"c5\">&nbsp;&nbsp;&nbsp;&nbsp;&nbsp;&nbsp;&nbsp;&nbsp;&nbsp;</span><span class=\"c0 c2\">T&iacute;nh Bảo Mật</span></p>\n<p class=\"c1\" style=\"text-align: left;\"><span class=\"c0\">Bạn đồng &yacute; kh&ocirc;ng tiết lộ Th&ocirc;ng tin Bảo mật Google khi chưa c&oacute; sự đồng &yacute; bằng văn bản trước của ch&uacute;ng t&ocirc;i. \"</span><span class=\"c0 c2\">Th&ocirc;ng tin Bảo mật Google</span><span class=\"c0\">\" bao gồm: (a) tất cả c&aacute;c phần mềm, c&ocirc;ng nghệ v&agrave; t&agrave;i li&ecirc;un của Google li&ecirc;n quan tới C&aacute;c Dịch Vụ; (b) c&aacute;c tỷ lệ nhấp chuột hay những thống k&ecirc; kh&aacute;c li&ecirc;n quan tới hiệu suất của C&ocirc;ng cụ Trực tuyến li&ecirc;n quan tới C&aacute;c Dịch Vụ; (c) sự tồn tại của, v&agrave; th&ocirc;ng tin về, c&aacute;c đặc điểm beta trong một Dịch Vụ; v&agrave; (d) bất cứ th&ocirc;ng tin n&agrave;o kh&aacute;c do Google cung cấp được đ&aacute;nh dấu l&agrave; bảo mật hoặc thường được coi l&agrave; bảo mật trong những trường hợp th&ocirc;ng tin được đưa ra. Th&ocirc;ng tin Bảo mật Google kh&ocirc;ng bao gồm những th&ocirc;ng tin m&agrave; bạn đ&atilde; biết trước khi sử dụng C&aacute;c Dịch Vụ, th&ocirc;ng tin được c&ocirc;ng bố kh&ocirc;ng do bất kỳ sai s&oacute;t n&agrave;o từ bạn, th&ocirc;ng tin do bạn ph&aacute;t triển độc lập, hoặc th&ocirc;ng tin m&agrave; bạn được một b&ecirc;n thứ ba cung cấp hợp ph&aacute;p. Bất kể nội dung của Phần 9 n&agrave;y, bạn c&oacute; thể tiết lộ ch&iacute;nh x&aacute;c số tiền của c&aacute;c khoản thanh to&aacute;n tổng cộng của Google ph&aacute;t sinh từ việc bạn sử dụng C&aacute;c Dịch Vụ.</span></p>\n<p class=\"c1\" style=\"text-align: left;\"><span class=\"c0 c2\">10.</span><span class=\"c5\">&nbsp;</span>&nbsp;<span class=\"c0 c2\">Chấm dứt</span></p>\n<p class=\"c1\" style=\"text-align: left;\"><span class=\"c0\">Bạn c&oacute; thể chấm dứt Thỏa thuận n&agrave;y bất cứ l&uacute;c n&agrave;o bằng c&aacute;ch điền đầy đủ th&ocirc;ng tin v&agrave;o</span><span class=\"c0\">&nbsp;</span><span class=\"c6 c0\">quy tr&igrave;nh hủy bỏ t&agrave;i khoản</span><span class=\"c0\">. Thoả thuận n&agrave;y sẽ xem như được kết th&uacute;c trong v&ograve;ng 10 ng&agrave;y l&agrave;m việc kể từ khi Google nhận được th&ocirc;ng b&aacute;o của bạn. Nếu bạn chấm dứt Thỏa thuận n&agrave;y v&agrave; số dư bạn kiếm được bằng hoặc tr&ecirc;n &nbsp;</span><span class=\"c6 c0\">ngưỡng</span><span class=\"c0\">&nbsp;phải thanh to&aacute;n, ch&uacute;ng t&ocirc;i sẽ thanh to&aacute;n cho bạn khoản tiền n&agrave;y trong v&ograve;ng 90 ng&agrave;y t&iacute;nh từ ng&agrave;y cuối c&ugrave;ng của th&aacute;ng m&agrave; Thỏa thuận chấm dứt. Bất cứ số dư n&agrave;o bạn kiếm được nhỏ hơn</span>&nbsp;<span class=\"c6 c0\">ngưỡng</span><span class=\"c0\">&nbsp;phải trả sẽ kh&ocirc;ng được thanh to&aacute;n cho bạn.</span></p>\n<p class=\"c1\" style=\"text-align: left;\"><span class=\"c0\">Google c&oacute; thể chấm dứt Thỏa thuận, hoặc đ&igrave;nh chỉ hay chấm dứt sự tham gia của bất cứ C&ocirc;ng cụ Trực tuyến n&agrave;o v&agrave;o C&aacute;c Dịch Vụ bất cứ l&uacute;c n&agrave;o v&igrave; bất kỳ l&yacute; do g&igrave;. C&aacute;c b&ecirc;n đồng &yacute; từ bỏ bất cứ điều khoản n&agrave;o của luật ph&aacute;p địa phương c&oacute; nội dung giới hạn, hạn chế, y&ecirc;u cầu phải c&oacute; lệnh t&ograve;a, hay ngăn cấm khả năng chấm dứt Thỏa thuận n&agrave;y ho&agrave;n to&agrave;n theo quyết định của Google. Nếu ch&uacute;ng t&ocirc;i chấm dứt Thỏa thuận do bạn vi phạm hay do h&agrave;nh động kh&ocirc;ng hợp lệ, ch&uacute;ng t&ocirc;i c&oacute; thể giữ lại c&aacute;c khoản tiền chưa thanh to&aacute;n hoặc thu ph&iacute; từ t&agrave;i khoản của bạn. Nếu bạn vi phạm Thỏa thuận hoặc Google đ&igrave;nh chỉ hay chấm dứt T&agrave;i khoản của bạn, bạn (i) sẽ kh&ocirc;ng được ph&eacute;p tạo một T&agrave;i khoản mới, v&agrave; (ii) c&oacute; thể bạn kh&ocirc;ng được ph&eacute;p tiền tệ h&oacute;a nội dung tr&ecirc;n c&aacute;c sản phẩm kh&aacute;c của Google.</span></p>\n<p class=\"c15\" style=\"text-align: left;\">&nbsp;</p>', '2018-02-12 12:34:34', '2018-03-16 11:06:17');

-- ----------------------------
-- Table structure for `migrations`
-- ----------------------------
DROP TABLE IF EXISTS `migrations`;
CREATE TABLE `migrations` (
  `id` int(10) unsigned NOT NULL AUTO_INCREMENT,
  `migration` varchar(255) COLLATE utf8_unicode_ci NOT NULL,
  `batch` int(11) NOT NULL,
  PRIMARY KEY (`id`)
) ENGINE=InnoDB AUTO_INCREMENT=47 DEFAULT CHARSET=utf8 COLLATE=utf8_unicode_ci;

-- ----------------------------
-- Records of migrations
-- ----------------------------
INSERT INTO migrations VALUES ('36', '2014_10_12_000000_create_users_table', '1');
INSERT INTO migrations VALUES ('37', '2014_10_12_100000_create_password_resets_table', '1');
INSERT INTO migrations VALUES ('38', '2017_08_11_080513_create_admins_table', '1');
INSERT INTO migrations VALUES ('39', '2017_11_17_093136_add_google2fa_secret_to_admins', '1');
INSERT INTO migrations VALUES ('40', '2017_11_24_034415_pd_edit_admins_table', '1');
INSERT INTO migrations VALUES ('41', '2017_11_25_023136_pd_edit_delete_admins_table', '1');
INSERT INTO migrations VALUES ('42', '2018_01_26_100247_create_cars_table', '1');
INSERT INTO migrations VALUES ('43', '2018_01_26_101727_create_posts_table', '1');
INSERT INTO migrations VALUES ('44', '2018_01_29_144228_create_airlines_table', '1');
INSERT INTO migrations VALUES ('45', '2018_01_30_090239_create_contacts_table', '1');
INSERT INTO migrations VALUES ('46', '2018_01_30_092920_create_customers_table', '1');

-- ----------------------------
-- Table structure for `password_resets`
-- ----------------------------
DROP TABLE IF EXISTS `password_resets`;
CREATE TABLE `password_resets` (
  `email` varchar(255) COLLATE utf8_unicode_ci NOT NULL,
  `token` varchar(255) COLLATE utf8_unicode_ci NOT NULL,
  `created_at` timestamp NULL DEFAULT NULL,
  KEY `password_resets_email_index` (`email`)
) ENGINE=InnoDB DEFAULT CHARSET=utf8 COLLATE=utf8_unicode_ci;

-- ----------------------------
-- Records of password_resets
-- ----------------------------

-- ----------------------------
-- Table structure for `phone_codes`
-- ----------------------------
DROP TABLE IF EXISTS `phone_codes`;
CREATE TABLE `phone_codes` (
  `id` int(10) unsigned NOT NULL AUTO_INCREMENT,
  `name` varchar(255) COLLATE utf8_unicode_ci NOT NULL,
  `priority` int(11) DEFAULT '0',
  `code` varchar(100) COLLATE utf8_unicode_ci NOT NULL,
  `prefix` varchar(100) COLLATE utf8_unicode_ci NOT NULL,
  `created_at` timestamp NULL DEFAULT NULL,
  `updated_at` timestamp NULL DEFAULT NULL,
  PRIMARY KEY (`id`)
) ENGINE=InnoDB AUTO_INCREMENT=22 DEFAULT CHARSET=utf8 COLLATE=utf8_unicode_ci;

-- ----------------------------
-- Records of phone_codes
-- ----------------------------
INSERT INTO phone_codes VALUES ('2', 'Vietnam', '3', 'vn', '+84', '2018-02-12 15:47:21', '2018-03-14 16:55:26');
INSERT INTO phone_codes VALUES ('4', 'Laos', '0', 'la', '+856', '2018-02-12 15:59:14', '2018-02-12 15:59:14');
INSERT INTO phone_codes VALUES ('14', 'Ecuador', null, 'ec', '+75', '2018-03-12 15:42:08', '2018-03-12 15:42:08');
INSERT INTO phone_codes VALUES ('15', 'Uruguay', null, 'uy', '+70', '2018-03-12 15:56:37', '2018-03-12 15:57:18');
INSERT INTO phone_codes VALUES ('16', 'Venezuela', null, 've', '+80', '2018-03-12 15:57:52', '2018-03-14 16:54:46');
INSERT INTO phone_codes VALUES ('19', 'Japan', null, 'jp', '+81', '2018-03-12 16:47:30', '2018-03-12 16:47:30');
INSERT INTO phone_codes VALUES ('20', 'South Korea', null, 'kr', '+82', '2018-03-14 16:50:03', '2018-03-14 16:54:26');
INSERT INTO phone_codes VALUES ('21', 'Singapore', null, 'sg', '+65', '2018-03-14 16:51:37', '2018-03-14 16:54:31');

-- ----------------------------
-- Table structure for `posts`
-- ----------------------------
DROP TABLE IF EXISTS `posts`;
CREATE TABLE `posts` (
  `id` int(10) unsigned NOT NULL AUTO_INCREMENT,
  `image` varchar(255) COLLATE utf8_unicode_ci DEFAULT NULL,
  `title_en` varchar(255) COLLATE utf8_unicode_ci NOT NULL,
  `title_vi` varchar(255) COLLATE utf8_unicode_ci NOT NULL,
  `content_en` varchar(255) COLLATE utf8_unicode_ci NOT NULL,
  `content_vi` varchar(255) COLLATE utf8_unicode_ci NOT NULL,
  `created_at` timestamp NULL DEFAULT NULL,
  `updated_at` timestamp NULL DEFAULT NULL,
  PRIMARY KEY (`id`)
) ENGINE=InnoDB AUTO_INCREMENT=6 DEFAULT CHARSET=utf8 COLLATE=utf8_unicode_ci;

-- ----------------------------
-- Records of posts
-- ----------------------------
INSERT INTO posts VALUES ('2', 'uploads/post/1519899859_quJ3_e69858f6-bb27-4725-a0dc-459680bf8e71.png', 'Free of charge for waiting time', 'Thời gian chờ đợi miễn phí', 'Take your time and relax. Airport pickups include 60 minutes of free wait time, and all other pickups include a free 15 minutes.', 'Dành thời gian và thư giãn. Xe đưa đón sân bay bao gồm 60 phút chờ đợi miễn phí, và tất cả các xe tải khác bao gồm 15 phút miễn phí.', '2018-01-31 14:09:00', '2018-03-01 17:24:19');
INSERT INTO posts VALUES ('3', 'uploads/post/1519899870_s9Fy_dd4eb86e-7473-4fee-860c-521bd5027103.png', 'Choices of payment methods', 'Chủ động thanh toán', 'Various payment methods available. Various payment methods available', 'Chủ động hoàn toàn với nhiều lựa chọn thanh toán. Chủ động hoàn toàn với nhiều lựa chọn thanh toán', '2018-01-31 14:11:57', '2018-03-01 17:24:30');
INSERT INTO posts VALUES ('4', 'uploads/post/1519899875_5d59_643ca21c-99e4-41a8-8f4a-13acc1cf0f2a.png', 'Cost saving', 'Tiết kiệm chi phí', 'Price includes all taxes, fees, VAT. Price includes all taxes, fees, VAT.', 'Giá trọn gói, bao gồm tất cả các loại thuế, phí, cầu đường, VAT. Free wifi và nước uống trên xe', '2018-01-31 14:13:19', '2018-03-01 17:24:35');
INSERT INTO posts VALUES ('5', 'uploads/post/1519899880_e46E_ee0608d0-a538-4bf1-86c7-7074d293c513.png', 'Free cancellation', 'Hủy chuyến miễn phí', 'Plan changed? No problem! Refund for cancellation at least 1 hour prior to one-way trip or 24 hours prior to round trip.', 'Thay đổi kế hoạch? Không vấn đề gì! Hủy được hoàn trả miễn phí cho đến 1 giờ trước khi đi đường một chiều hoặc 24 giờ trước khi đặt phòng treo giờ', '2018-01-31 14:18:50', '2018-03-01 17:24:40');

-- ----------------------------
-- Table structure for `users`
-- ----------------------------
DROP TABLE IF EXISTS `users`;
CREATE TABLE `users` (
  `id` int(10) unsigned NOT NULL AUTO_INCREMENT,
  `name` varchar(255) COLLATE utf8_unicode_ci NOT NULL,
  `email` varchar(255) COLLATE utf8_unicode_ci NOT NULL,
  `password` varchar(255) COLLATE utf8_unicode_ci NOT NULL,
  `remember_token` varchar(100) COLLATE utf8_unicode_ci DEFAULT NULL,
  `created_at` timestamp NULL DEFAULT NULL,
  `updated_at` timestamp NULL DEFAULT NULL,
  PRIMARY KEY (`id`),
  UNIQUE KEY `users_email_unique` (`email`)
) ENGINE=InnoDB DEFAULT CHARSET=utf8 COLLATE=utf8_unicode_ci;

-- ----------------------------
-- Records of users
-- ----------------------------
